dow_number,lake_name,county,survey_id,survey_date,species,minimum_length,fishCount,maximum_length
01004000,Aitkin,Aitkin,20232319128577000,2023-07-10,CCF,,"[[16, 1], [18, 1], [19, 1], [23, 1], [27, 1]]",
01004000,Aitkin,Aitkin,20232319128577000,2023-07-10,WAE,,"[[13, 1], [14, 2], [18, 1], [19, 1], [25, 1]]",
01004000,Aitkin,Aitkin,20232319128577000,2023-07-10,BLG,,"[[10, 1], [6, 1], [7, 2]]",
01004000,Aitkin,Aitkin,20232319128577000,2023-07-10,SHR,,"[[14, 1], [16, 1]]",
01004000,Aitkin,Aitkin,20232319128577000,2023-07-10,BLC,,"[[6, 1], [7, 1], [8, 1]]",
01004000,Aitkin,Aitkin,20232319128577000,2023-07-10,NOP,,"[[14, 2], [15, 1], [16, 3], [17, 10], [18, 3], [19, 3], [20, 4], [21, 3], [22, 1], [23, 1], [24, 1], [25, 1], [26, 1], [27, 2], [32, 1]]",
01004000,Aitkin,Aitkin,20232319128577000,2023-07-10,WTS,,"[[14, 2], [17, 3]]",
01004000,Aitkin,Aitkin,20232319128577000,2023-07-10,PMK,,"[[6, 2], [8, 1]]",
01004000,Aitkin,Aitkin,20232319128577000,2023-07-10,YEB,,"[[13, 1]]",
01004000,Aitkin,Aitkin,20232319128577000,2023-07-10,LMB,,"[[13, 1], [15, 1], [18, 1]]",
01004000,Aitkin,Aitkin,20232319128577000,2023-07-10,BOF,,"[[21, 1], [26, 1]]",
01004000,Aitkin,Aitkin,20232319128577000,2023-07-10,YEP,,"[[10, 3], [4, 1], [5, 17], [6, 26], [7, 22], [8, 21], [9, 9]]",
01004000,Aitkin,Aitkin,970818551751003,2008-07-14,YEB,,"[[10, 3], [11, 6], [12, 13], [13, 3], [9, 4]]",
01004000,Aitkin,Aitkin,970818551751003,2008-07-14,LMB,,"[[12, 3], [15, 1], [19, 1]]",
01004000,Aitkin,Aitkin,970818551751003,2008-07-14,BRB,,"[[11, 1], [12, 1], [13, 3]]",
01004000,Aitkin,Aitkin,970818551751003,2008-07-14,BOF,,"[[19, 2], [20, 1], [21, 2], [22, 4], [23, 2], [24, 3], [25, 5], [26, 2], [27, 3], [29, 1]]",
01004000,Aitkin,Aitkin,970818551751003,2008-07-14,YEP,,"[[10, 2], [5, 10], [6, 9], [7, 7], [8, 5], [9, 3]]",
01004000,Aitkin,Aitkin,970818551751003,2008-07-14,PMK,,"[[3, 1], [4, 1], [5, 9], [6, 8], [7, 5], [8, 6]]",
01004000,Aitkin,Aitkin,970818551751003,2008-07-14,BLC,,"[[11, 1], [5, 1], [6, 1], [7, 10]]",
01004000,Aitkin,Aitkin,970818551751003,2008-07-14,NOP,,"[[12, 2], [13, 3], [14, 1], [15, 2], [16, 3], [17, 4], [18, 6], [19, 3], [20, 1], [21, 1], [22, 3], [23, 4], [24, 1], [26, 1], [27, 1]]",
01004000,Aitkin,Aitkin,970818551751003,2008-07-14,WAE,,"[[16, 1], [19, 1], [22, 2]]",
01004000,Aitkin,Aitkin,970818551751003,2008-07-14,BLG,,"[[10, 1], [5, 5], [6, 36], [7, 16], [8, 17], [9, 19]]",
01004000,Aitkin,Aitkin,970818551751003,2008-07-14,SHR,,"[[18, 2]]",
01004000,Aitkin,Aitkin,113362,1993-07-12,BLG,,"[[7, 7], [8, 7], [9, 1]]",
01004000,Aitkin,Aitkin,113362,1993-07-12,SHR,,"[[13, 1], [16, 1], [17, 1], [19, 1]]",
01004000,Aitkin,Aitkin,113362,1993-07-12,WAE,,"[[12, 1], [16, 1], [17, 1], [20, 1], [24, 1]]",
01004000,Aitkin,Aitkin,113362,1993-07-12,NOP,,"[[3, 2], [4, 1], [5, 1], [10, 2], [11, 5], [12, 1], [13, 5], [14, 3], [15, 1], [16, 8], [17, 15], [18, 7], [19, 2], [20, 3], [23, 1], [24, 1]]",
01004000,Aitkin,Aitkin,113362,1993-07-12,BLC,,"[[10, 3], [5, 5], [6, 1], [8, 4], [9, 2]]",
01004000,Aitkin,Aitkin,113362,1993-07-12,PMK,,"[[5, 2], [6, 22], [7, 22], [8, 3]]",
01004000,Aitkin,Aitkin,113362,1993-07-12,WTS,,"[[14, 1], [17, 1], [18, 1], [20, 3]]",
01004000,Aitkin,Aitkin,113362,1993-07-12,BLB,,"[[10, 5], [11, 1], [9, 2]]",
01004000,Aitkin,Aitkin,113362,1993-07-12,BOF,,"[[20, 1], [21, 1], [27, 2], [28, 3], [31, 1]]",
01004000,Aitkin,Aitkin,113362,1993-07-12,YEP,,"[[2, 6], [10, 2], [5, 35], [6, 36], [7, 17], [8, 7], [9, 12]]",
01004000,Aitkin,Aitkin,113362,1993-07-12,LMB,,"[[2, 4], [14, 1]]",
01004000,Aitkin,Aitkin,113362,1993-07-12,YEB,,"[[11, 2], [9, 2]]",
01004000,Aitkin,Aitkin,113362,1993-07-12,BRB,,"[[10, 11], [11, 10], [12, 5], [9, 2]]",
01004000,Aitkin,Aitkin,113594,1998-06-22,BLC,,"[[10, 23], [12, 2], [13, 2], [4, 1], [8, 3], [9, 3]]",
01004000,Aitkin,Aitkin,113594,1998-06-22,NOP,,"[[10, 4], [11, 5], [12, 1], [13, 4], [14, 3], [15, 2], [16, 5], [17, 3], [18, 5], [19, 2], [20, 1], [21, 1], [22, 1], [25, 1], [8, 1], [9, 5]]",
01004000,Aitkin,Aitkin,113594,1998-06-22,GOS,,"[[5, 6], [6, 1]]",
01004000,Aitkin,Aitkin,113594,1998-06-22,WAE,,"[[13, 3], [15, 3], [21, 3], [22, 1]]",
01004000,Aitkin,Aitkin,113594,1998-06-22,BLG,,"[[10, 1], [7, 4]]",
01004000,Aitkin,Aitkin,113594,1998-06-22,LMB,,"[[5, 2]]",
01004000,Aitkin,Aitkin,113594,1998-06-22,YEB,,"[[10, 5], [11, 3], [12, 1], [13, 2], [7, 1], [8, 2], [9, 2]]",
01004000,Aitkin,Aitkin,113594,1998-06-22,BRB,,"[[10, 1], [11, 1], [12, 2], [13, 2], [14, 6]]",
01004000,Aitkin,Aitkin,113594,1998-06-22,TLC,,"[[14, 1], [16, 1], [17, 1]]",
01004000,Aitkin,Aitkin,113594,1998-06-22,BOF,,"[[22, 2], [27, 2]]",
01004000,Aitkin,Aitkin,113594,1998-06-22,YEP,,"[[10, 5], [5, 23], [6, 10], [7, 28], [8, 59], [9, 23]]",
01004000,Aitkin,Aitkin,113594,1998-06-22,HSF,,"[[7, 3]]",
01004000,Aitkin,Aitkin,113594,1998-06-22,WTS,,"[[10, 1], [17, 2], [18, 5], [19, 3]]",
01004000,Aitkin,Aitkin,113594,1998-06-22,PMK,,"[[5, 4], [6, 3], [7, 22], [8, 4]]",
01004000,Aitkin,Aitkin,13731610232322005,2016-07-12,NOP,,"[[13, 1], [14, 1], [15, 2], [16, 2], [17, 2], [18, 10], [19, 3], [20, 4], [21, 4], [22, 3], [23, 1]]",
01004000,Aitkin,Aitkin,13731610232322005,2016-07-12,BLC,,"[[10, 1], [3, 1], [4, 4], [5, 3], [6, 1], [7, 1], [8, 8], [9, 4]]",
01004000,Aitkin,Aitkin,13731610232322005,2016-07-12,BLG,,"[[10, 4], [3, 3], [4, 5], [5, 15], [6, 2], [8, 5], [9, 4]]",
01004000,Aitkin,Aitkin,13731610232322005,2016-07-12,CCF,,"[[24, 1]]",
01004000,Aitkin,Aitkin,13731610232322005,2016-07-12,WAE,,"[[17, 1], [18, 2], [19, 4], [21, 2]]",
01004000,Aitkin,Aitkin,13731610232322005,2016-07-12,YEP,,"[[10, 1], [11, 1], [4, 1], [5, 21], [6, 25], [7, 21], [8, 15], [9, 4]]",
01004000,Aitkin,Aitkin,13731610232322005,2016-07-12,BOF,,"[[21, 4], [22, 5], [23, 2], [24, 1], [26, 2], [9, 1]]",
01004000,Aitkin,Aitkin,13731610232322005,2016-07-12,BRB,,"[[13, 1], [14, 3], [15, 1]]",
01004000,Aitkin,Aitkin,13731610232322005,2016-07-12,LMB,,"[[19, 1], [6, 1], [9, 1]]",
01004000,Aitkin,Aitkin,13731610232322005,2016-07-12,YEB,,"[[12, 3], [13, 1], [14, 2], [9, 1]]",
01004000,Aitkin,Aitkin,13731610232322005,2016-07-12,PMK,,"[[4, 6], [5, 2], [6, 3], [7, 4]]",
01004000,Aitkin,Aitkin,13731610232322005,2016-07-12,WTS,,"[[15, 2], [17, 2], [18, 1]]",
01016900,Bachelor,Aitkin,113650,2001-07-18,BOF,,"[[18, 1], [19, 2], [20, 1], [21, 2], [24, 3]]",
01016900,Bachelor,Aitkin,113650,2001-07-18,HSF,,"[[7, 1], [8, 3]]",
01016900,Bachelor,Aitkin,113650,2001-07-18,PMK,,"[[3, 2], [4, 4], [5, 28], [6, 22], [7, 4], [8, 2]]",
01016900,Bachelor,Aitkin,113650,2001-07-18,BLG,,"[[1, 1], [3, 10], [4, 47], [5, 40], [6, 23], [7, 24], [8, 1]]",
01016900,Bachelor,Aitkin,113650,2001-07-18,RKB,,"[[5, 1], [6, 1], [7, 2], [8, 2]]",
01016900,Bachelor,Aitkin,113650,2001-07-18,LMB,,"[[2, 3], [10, 7], [11, 5], [12, 6], [13, 1], [14, 3], [15, 1], [16, 4], [5, 2], [6, 4], [7, 11], [8, 12], [9, 5]]",
01016900,Bachelor,Aitkin,113650,2001-07-18,BRB,,"[[13, 2]]",
01016900,Bachelor,Aitkin,113650,2001-07-18,YEP,,"[[2, 1], [5, 1], [6, 3], [7, 2]]",
01016900,Bachelor,Aitkin,113650,2001-07-18,BLC,,"[[10, 2], [3, 1], [5, 1], [6, 4], [7, 19], [8, 6], [9, 1]]",
01016900,Bachelor,Aitkin,113650,2001-07-18,YEB,,"[[10, 3], [11, 3], [12, 2], [6, 2], [7, 1], [9, 2]]",
01016900,Bachelor,Aitkin,113650,2001-07-18,NOP,,"[[13, 1], [15, 1], [16, 1], [17, 2], [18, 2], [19, 2], [20, 5], [21, 2], [22, 1], [23, 2], [24, 1], [26, 1], [27, 1], [29, 1], [35, 1]]",
01004600,Ball Bluff,Aitkin,4291115738180000,2011-06-20,WAE,,"[[11, 1], [12, 1], [23, 2], [24, 1], [25, 4], [26, 1]]",
01004600,Ball Bluff,Aitkin,4291115738180000,2011-06-20,BIB,,"[[31, 1]]",
01004600,Ball Bluff,Aitkin,4291115738180000,2011-06-20,BLG,,"[[3, 24], [4, 51], [5, 76], [6, 45], [7, 25], [8, 7]]",
01004600,Ball Bluff,Aitkin,4291115738180000,2011-06-20,HSF,,"[[3, 1], [4, 1], [5, 9], [6, 11], [7, 4]]",
01004600,Ball Bluff,Aitkin,4291115738180000,2011-06-20,NOP,,"[[17, 1], [18, 2], [19, 4], [20, 4], [21, 5], [22, 6], [23, 4], [26, 1], [33, 1]]",
01004600,Ball Bluff,Aitkin,4291115738180000,2011-06-20,LMB,,"[[11, 3], [12, 5], [13, 5], [14, 1], [15, 1], [16, 1], [5, 3], [6, 2], [7, 1], [9, 3]]",
01004600,Ball Bluff,Aitkin,4291115738180000,2011-06-20,BLC,,"[[10, 1], [6, 1], [7, 1], [9, 1]]",
01004600,Ball Bluff,Aitkin,4291115738180000,2011-06-20,PMK,,"[[3, 1], [4, 3], [5, 7], [6, 16]]",
01004600,Ball Bluff,Aitkin,4291115738180000,2011-06-20,WTS,,"[[12, 3]]",
01004600,Ball Bluff,Aitkin,4291115738180000,2011-06-20,RKB,,"[[3, 1], [4, 1], [5, 1], [6, 4], [7, 5], [8, 5]]",
01004600,Ball Bluff,Aitkin,4291115738180000,2011-06-20,BOF,,"[[21, 2], [22, 2], [23, 1], [24, 1], [25, 2]]",
01004600,Ball Bluff,Aitkin,4291115738180000,2011-06-20,TLC,,"[[10, 1], [15, 2], [17, 2], [18, 5], [19, 1]]",
01004600,Ball Bluff,Aitkin,4291115738180000,2011-06-20,YEP,,"[[5, 2], [6, 3]]",
01004600,Ball Bluff,Aitkin,4291115738180000,2011-06-20,YEB,,"[[10, 6], [11, 6], [12, 1], [13, 1], [6, 1], [7, 1], [9, 5]]",
01004600,Ball Bluff,Aitkin,113646,2001-06-25,BLG,,"[[3, 13], [4, 32], [5, 46], [6, 45], [7, 10], [8, 5]]",
01004600,Ball Bluff,Aitkin,113646,2001-06-25,BLC,,"[[10, 2], [11, 3], [12, 2], [7, 5], [8, 2], [9, 1]]",
01004600,Ball Bluff,Aitkin,113646,2001-06-25,LMB,,"[[10, 1], [12, 2], [13, 1], [14, 1], [15, 1], [16, 1], [18, 1], [5, 1], [6, 1], [7, 1], [8, 4], [9, 2]]",
01004600,Ball Bluff,Aitkin,113646,2001-06-25,NOP,,"[[10, 1], [13, 5], [14, 2], [15, 8], [16, 4], [17, 5], [18, 6], [19, 8], [20, 8], [21, 9], [22, 3], [23, 1], [24, 2], [25, 1], [27, 1], [34, 1], [9, 1]]",
01004600,Ball Bluff,Aitkin,113646,2001-06-25,HSF,,"[[7, 1], [8, 1]]",
01004600,Ball Bluff,Aitkin,113646,2001-06-25,WAE,,"[[18, 1], [20, 1], [21, 1], [22, 1]]",
01004600,Ball Bluff,Aitkin,113646,2001-06-25,BRB,,"[[11, 1], [13, 1]]",
01004600,Ball Bluff,Aitkin,113646,2001-06-25,BOF,,"[[20, 4], [21, 6], [22, 2], [23, 2]]",
01004600,Ball Bluff,Aitkin,113646,2001-06-25,RKB,,"[[3, 1], [6, 2], [7, 1]]",
01004600,Ball Bluff,Aitkin,113646,2001-06-25,YEP,,"[[5, 3], [6, 16], [7, 2], [9, 1]]",
01004600,Ball Bluff,Aitkin,113646,2001-06-25,YEB,,"[[10, 12], [11, 4], [12, 2], [7, 3], [8, 7], [9, 3]]",
01004600,Ball Bluff,Aitkin,113646,2001-06-25,TLC,,"[[11, 1], [15, 1]]",
01004600,Ball Bluff,Aitkin,113646,2001-06-25,WTS,,"[[15, 1], [18, 1]]",
01004600,Ball Bluff,Aitkin,113646,2001-06-25,PMK,,"[[3, 5], [4, 4], [5, 8], [6, 13], [7, 3]]",
01004600,Ball Bluff,Aitkin,113571,1997-06-23,WAE,,"[[22, 1]]",
01004600,Ball Bluff,Aitkin,113571,1997-06-23,BLG,,"[[4, 1]]",
01004600,Ball Bluff,Aitkin,113571,1997-06-23,LMB,,"[[12, 1]]",
01004600,Ball Bluff,Aitkin,113571,1997-06-23,NOP,,"[[12, 1], [15, 2], [16, 8], [17, 8], [18, 13], [19, 8], [20, 8], [21, 5], [22, 1], [23, 1], [24, 1], [25, 1], [26, 1], [30, 1], [31, 1], [32, 1]]",
01004600,Ball Bluff,Aitkin,113571,1997-06-23,WTS,,"[[16, 2], [17, 1]]",
01004600,Ball Bluff,Aitkin,113571,1997-06-23,PMK,,"[[4, 1]]",
01004600,Ball Bluff,Aitkin,113571,1997-06-23,BOF,,"[[22, 1]]",
01004600,Ball Bluff,Aitkin,113571,1997-06-23,YEP,,"[[6, 2]]",
01004600,Ball Bluff,Aitkin,113571,1997-06-23,TLC,,"[[11, 1], [14, 1], [15, 1]]",
01004600,Ball Bluff,Aitkin,17272117230807000,2021-06-21,WAE,,"[[25, 1]]",
01004600,Ball Bluff,Aitkin,17272117230807000,2021-06-21,BLG,,"[[3, 34], [4, 52], [5, 23], [6, 21], [7, 15], [8, 2]]",
01004600,Ball Bluff,Aitkin,17272117230807000,2021-06-21,NOP,,"[[15, 1], [16, 1], [19, 2], [20, 4], [21, 2], [23, 1], [24, 2], [25, 5], [26, 1], [28, 4], [32, 1], [35, 1]]",
01004600,Ball Bluff,Aitkin,17272117230807000,2021-06-21,HSF,,"[[5, 1], [6, 2], [7, 1]]",
01004600,Ball Bluff,Aitkin,17272117230807000,2021-06-21,LMB,,"[[10, 3], [11, 1], [12, 2], [13, 1], [14, 1], [15, 3], [5, 1], [8, 1], [9, 2]]",
01004600,Ball Bluff,Aitkin,17272117230807000,2021-06-21,BLC,,"[[4, 1], [5, 1], [6, 2], [7, 2], [8, 1], [9, 2]]",
01004600,Ball Bluff,Aitkin,17272117230807000,2021-06-21,PMK,,"[[3, 7], [4, 5], [5, 3], [6, 18], [7, 3]]",
01004600,Ball Bluff,Aitkin,17272117230807000,2021-06-21,WTS,,"[[13, 1], [15, 1], [17, 1]]",
01004600,Ball Bluff,Aitkin,17272117230807000,2021-06-21,RKB,,"[[3, 1], [6, 1], [7, 5], [8, 3]]",
01004600,Ball Bluff,Aitkin,17272117230807000,2021-06-21,BRB,,"[[10, 1], [13, 1]]",
01004600,Ball Bluff,Aitkin,17272117230807000,2021-06-21,BOF,,"[[18, 1], [20, 2], [21, 1], [22, 2], [26, 1]]",
01004600,Ball Bluff,Aitkin,17272117230807000,2021-06-21,TLC,,"[[10, 2], [11, 11], [12, 8], [17, 1], [7, 1]]",
01004600,Ball Bluff,Aitkin,17272117230807000,2021-06-21,YEP,,"[[5, 1], [6, 1], [8, 1]]",
01004600,Ball Bluff,Aitkin,17272117230807000,2021-06-21,YEB,,"[[10, 1], [11, 2], [12, 1]]",
01004600,Ball Bluff,Aitkin,21112417843809004,2024-07-08,HSF,,"[[3, 1], [5, 1], [6, 1], [7, 2]]",
01004600,Ball Bluff,Aitkin,21112417843809004,2024-07-08,LMB,,"[[10, 3], [11, 1], [12, 2], [13, 1], [14, 2], [15, 2], [5, 3], [7, 2], [8, 3], [9, 1]]",
01004600,Ball Bluff,Aitkin,21112417843809004,2024-07-08,BLC,,"[[10, 1], [11, 2], [8, 3], [9, 1]]",
01004600,Ball Bluff,Aitkin,21112417843809004,2024-07-08,BIB,,"[[28, 1]]",
01004600,Ball Bluff,Aitkin,21112417843809004,2024-07-08,BLG,,"[[3, 16], [4, 19], [5, 19], [6, 30], [7, 12], [8, 4]]",
01004600,Ball Bluff,Aitkin,21112417843809004,2024-07-08,YEP,,"[[5, 1]]",
01004600,Ball Bluff,Aitkin,21112417843809004,2024-07-08,YEB,,"[[10, 1], [11, 1]]",
01004600,Ball Bluff,Aitkin,21112417843809004,2024-07-08,RKB,,"[[6, 1], [9, 1]]",
01004600,Ball Bluff,Aitkin,21112417843809004,2024-07-08,BRB,,"[[12, 1]]",
01004600,Ball Bluff,Aitkin,21112417843809004,2024-07-08,BOF,,"[[20, 1], [21, 3], [23, 1], [24, 1], [26, 1]]",
01004600,Ball Bluff,Aitkin,21112417843809004,2024-07-08,PMK,,"[[3, 1], [4, 4], [5, 2], [6, 3], [7, 1]]",
01004600,Ball Bluff,Aitkin,113361,1993-07-06,BRB,,"[[10, 1], [8, 1]]",
01004600,Ball Bluff,Aitkin,113361,1993-07-06,BOF,,"[[22, 2], [23, 2], [24, 1], [25, 1], [26, 2], [27, 2]]",
01004600,Ball Bluff,Aitkin,113361,1993-07-06,RKB,,"[[6, 1], [7, 3], [9, 1]]",
01004600,Ball Bluff,Aitkin,113361,1993-07-06,YEB,,"[[11, 1], [9, 1]]",
01004600,Ball Bluff,Aitkin,113361,1993-07-06,YEP,,"[[3, 1], [5, 23], [6, 13], [7, 4]]",
01004600,Ball Bluff,Aitkin,113361,1993-07-06,TLC,,"[[13, 1], [17, 2], [6, 1]]",
01004600,Ball Bluff,Aitkin,113361,1993-07-06,WTS,,"[[10, 1], [11, 1], [18, 1]]",
01004600,Ball Bluff,Aitkin,113361,1993-07-06,PMK,,"[[3, 13], [4, 15], [5, 15], [6, 6], [7, 3]]",
01004600,Ball Bluff,Aitkin,113361,1993-07-06,BLG,,"[[0, 1], [1, 1], [3, 39], [4, 55], [5, 89], [6, 79], [7, 27], [8, 6]]",
01004600,Ball Bluff,Aitkin,113361,1993-07-06,BIB,,"[[29, 1]]",
01004600,Ball Bluff,Aitkin,113361,1993-07-06,LMB,,"[[1, 17], [2, 5], [11, 2], [13, 2], [14, 1], [5, 8], [6, 2], [8, 1], [9, 1]]",
01004600,Ball Bluff,Aitkin,113361,1993-07-06,BLC,,"[[10, 1], [6, 1], [8, 1]]",
01004600,Ball Bluff,Aitkin,113361,1993-07-06,NOP,,"[[10, 1], [12, 1], [16, 2], [17, 4], [18, 10], [19, 7], [20, 6], [21, 5], [22, 1], [23, 1], [25, 1]]",
01004600,Ball Bluff,Aitkin,113361,1993-07-06,WAE,,"[[16, 1], [17, 3], [18, 1], [20, 1], [21, 2], [22, 2], [23, 1], [25, 1]]",
01007300,Bass,Aitkin,113641,2001-07-02,RKB,,"[[6, 1], [7, 1]]",
01007300,Bass,Aitkin,113641,2001-07-02,BOF,,"[[18, 1]]",
01007300,Bass,Aitkin,113641,2001-07-02,BLC,,"[[5, 1], [7, 9], [8, 5], [9, 3]]",
01007300,Bass,Aitkin,113641,2001-07-02,NOP,,"[[21, 1], [29, 1], [31, 1]]",
01007300,Bass,Aitkin,113641,2001-07-02,YEP,,"[[5, 12], [6, 17]]",
01007300,Bass,Aitkin,113641,2001-07-02,PMK,,"[[2, 1], [3, 6], [4, 3], [5, 2]]",
01007300,Bass,Aitkin,113641,2001-07-02,LMB,,"[[9, 1]]",
01007300,Bass,Aitkin,113641,2001-07-02,BLG,,"[[3, 70], [4, 67], [5, 56], [6, 36], [7, 2]]",
01007300,Bass,Aitkin,113641,2001-07-02,TLC,,"[[15, 2], [16, 1]]",
01007300,Bass,Aitkin,113641,2001-07-02,YEB,,"[[10, 2], [11, 2], [12, 2], [7, 2], [9, 1]]",
01007300,Bass,Aitkin,113360,1993-06-28,BLB,,"[[10, 1]]",
01007300,Bass,Aitkin,113360,1993-06-28,LMB,,"[[1, 16], [2, 1], [9, 1]]",
01007300,Bass,Aitkin,113360,1993-06-28,HSF,,"[[6, 1], [7, 1]]",
01007300,Bass,Aitkin,113360,1993-06-28,BLG,,"[[0, 1], [1, 4], [2, 3], [3, 49], [4, 247], [5, 136], [6, 106], [7, 32], [8, 3]]",
01007300,Bass,Aitkin,113360,1993-06-28,YEB,,"[[9, 1]]",
01007300,Bass,Aitkin,113360,1993-06-28,RKB,,"[[4, 1], [5, 3], [6, 2]]",
01007300,Bass,Aitkin,113360,1993-06-28,BLC,,"[[10, 3], [3, 1], [4, 21], [5, 17], [6, 1], [7, 5], [8, 3], [9, 6]]",
01007300,Bass,Aitkin,113360,1993-06-28,BOF,,"[[19, 1], [20, 1]]",
01007300,Bass,Aitkin,113360,1993-06-28,PMK,,"[[4, 4], [5, 2], [6, 4], [7, 1]]",
01007300,Bass,Aitkin,113360,1993-06-28,WTS,,"[[21, 1]]",
01007300,Bass,Aitkin,113360,1993-06-28,YEP,,"[[2, 1], [3, 7], [5, 9], [6, 24], [7, 11], [8, 3]]",
01019500,Bass,Aitkin,113702,2004-08-23,YEB,,"[[13, 1]]",
01019500,Bass,Aitkin,113702,2004-08-23,YEP,,"[[6, 4]]",
01019500,Bass,Aitkin,113702,2004-08-23,NOP,,"[[17, 3], [19, 1], [21, 1], [22, 1], [23, 1], [25, 1], [27, 2], [29, 2], [30, 1], [34, 1]]",
01019500,Bass,Aitkin,113702,2004-08-23,LMB,,"[[5, 2], [6, 1]]",
01019500,Bass,Aitkin,113702,2004-08-23,HSF,,"[[4, 2], [5, 2], [6, 1], [7, 11], [8, 9], [9, 5]]",
01019500,Bass,Aitkin,113702,2004-08-23,BOF,,"[[15, 1], [22, 3], [24, 1]]",
01019500,Bass,Aitkin,113702,2004-08-23,PMK,,"[[4, 1], [5, 4], [6, 7], [7, 3], [8, 2]]",
01019500,Bass,Aitkin,113702,2004-08-23,BLC,,"[[10, 7], [11, 3], [12, 1], [4, 4], [5, 9], [6, 24], [7, 27], [8, 29], [9, 15]]",
01019500,Bass,Aitkin,113702,2004-08-23,BLG,,"[[3, 35], [4, 18], [5, 29], [6, 23], [7, 16], [8, 3], [9, 1]]",
01019500,Bass,Aitkin,113396,1994-07-05,BLC,,"[[10, 1], [11, 1], [12, 4], [13, 1], [3, 2], [4, 12], [5, 45], [6, 19], [7, 15], [8, 5], [9, 7]]",
01019500,Bass,Aitkin,113396,1994-07-05,BLG,,"[[1, 1], [3, 19], [4, 60], [5, 44], [6, 39], [7, 10]]",
01019500,Bass,Aitkin,113396,1994-07-05,WTS,,"[[10, 1], [11, 2]]",
01019500,Bass,Aitkin,113396,1994-07-05,BOF,,"[[23, 1], [24, 1], [26, 1], [27, 4]]",
01019500,Bass,Aitkin,113396,1994-07-05,PMK,,"[[3, 1], [4, 1], [5, 4], [6, 2]]",
01019500,Bass,Aitkin,113396,1994-07-05,BRB,,"[[13, 2]]",
01019500,Bass,Aitkin,113396,1994-07-05,LMB,,"[[1, 2], [2, 7], [11, 1], [17, 1], [20, 1]]",
01019500,Bass,Aitkin,113396,1994-07-05,HSF,,"[[6, 3], [7, 7], [8, 1]]",
01019500,Bass,Aitkin,113396,1994-07-05,YEB,,"[[11, 1], [9, 1]]",
01019500,Bass,Aitkin,113396,1994-07-05,YEP,,"[[2, 2]]",
01019500,Bass,Aitkin,113396,1994-07-05,NOP,,"[[12, 1], [15, 3], [16, 1], [17, 1], [18, 4], [19, 2], [20, 1], [21, 4], [22, 5], [23, 1], [27, 2], [29, 1], [32, 1]]",
01019500,Bass,Aitkin,113616,1999-08-30,BLC,,"[[10, 3], [11, 3], [3, 3], [4, 38], [5, 30], [6, 20], [7, 20], [8, 9], [9, 11]]",
01019500,Bass,Aitkin,113616,1999-08-30,BLG,,"[[1, 2], [2, 1], [3, 16], [4, 30], [5, 21], [6, 17], [7, 8], [8, 1]]",
01019500,Bass,Aitkin,113616,1999-08-30,WTS,,"[[18, 1]]",
01019500,Bass,Aitkin,113616,1999-08-30,GOS,,"[[5, 2]]",
01019500,Bass,Aitkin,113616,1999-08-30,PMK,,"[[4, 1], [6, 1], [7, 1]]",
01019500,Bass,Aitkin,113616,1999-08-30,BOF,,"[[15, 1], [21, 2], [22, 1], [25, 1], [27, 1]]",
01019500,Bass,Aitkin,113616,1999-08-30,LMB,,"[[16, 1], [6, 2], [9, 1]]",
01019500,Bass,Aitkin,113616,1999-08-30,HSF,,"[[3, 1], [4, 2], [5, 4], [6, 3], [7, 5]]",
01019500,Bass,Aitkin,113616,1999-08-30,YEP,,"[[5, 3], [6, 1]]",
01019500,Bass,Aitkin,113616,1999-08-30,NOP,,"[[16, 1], [18, 2], [19, 2], [20, 2], [21, 3], [22, 2], [24, 2]]",
01019500,Bass,Aitkin,113616,1999-08-30,YEB,,"[[8, 1], [9, 2]]",
01018300,Bass,Aitkin,113663,2002-06-03,BLC,,"[[5, 2], [6, 2], [7, 7], [8, 6], [9, 1]]",
01018300,Bass,Aitkin,113663,2002-06-03,BOF,,"[[22, 3], [23, 3]]",
01018300,Bass,Aitkin,113663,2002-06-03,LMB,,"[[10, 6], [11, 9], [12, 3], [13, 1], [15, 1], [16, 2], [17, 1], [7, 1], [8, 3], [9, 1]]",
01018300,Bass,Aitkin,113663,2002-06-03,YEB,,"[[10, 26], [11, 20], [12, 5], [5, 1], [7, 3], [8, 11], [9, 15]]",
01018300,Bass,Aitkin,113663,2002-06-03,WAE,,"[[27, 1]]",
01018300,Bass,Aitkin,113663,2002-06-03,PMK,,"[[3, 2], [5, 6], [6, 10], [7, 21], [8, 5], [9, 1]]",
01018300,Bass,Aitkin,113663,2002-06-03,BLG,,"[[3, 20], [4, 18], [5, 10], [6, 13], [7, 29], [8, 24], [9, 1]]",
01018300,Bass,Aitkin,113663,2002-06-03,BRB,,"[[14, 1]]",
01018300,Bass,Aitkin,113663,2002-06-03,NOP,,"[[11, 1], [15, 1], [16, 4], [17, 9], [18, 4], [20, 4], [21, 3], [22, 3], [24, 2], [29, 1], [34, 1], [36, 1]]",
01006400,Bear,Aitkin,113383,1994-08-08,GOS,,"[[7, 1], [8, 1]]",
01006400,Bear,Aitkin,113383,1994-08-08,BLG,,"[[0, 12], [1, 61], [3, 2], [4, 12], [5, 30], [6, 144], [7, 61], [8, 7]]",
01006400,Bear,Aitkin,113383,1994-08-08,WTS,,"[[17, 1]]",
01006400,Bear,Aitkin,113383,1994-08-08,BLC,,"[[1, 1], [2, 2], [4, 7], [5, 3], [6, 19], [7, 35], [8, 18]]",
01006400,Bear,Aitkin,113383,1994-08-08,BRB,,"[[10, 1], [15, 1]]",
01006400,Bear,Aitkin,113383,1994-08-08,HSF,,"[[4, 1], [5, 5], [6, 2]]",
01006400,Bear,Aitkin,113383,1994-08-08,NOP,,"[[13, 1], [14, 1], [21, 2], [27, 1], [30, 1], [34, 1]]",
01006400,Bear,Aitkin,113383,1994-08-08,LMB,,"[[1, 5], [2, 45], [14, 1], [19, 1]]",
01006400,Bear,Aitkin,113383,1994-08-08,YEP,,"[[2, 1], [3, 1], [4, 2], [5, 4], [6, 27], [7, 1]]",
01006400,Bear,Aitkin,113383,1994-08-08,PMK,,"[[5, 6], [6, 4]]",
01006400,Bear,Aitkin,113699,2004-08-09,WTS,,"[[9, 3]]",
01006400,Bear,Aitkin,113699,2004-08-09,BLC,,"[[12, 1], [4, 3], [5, 8], [6, 10], [7, 29], [8, 5]]",
01006400,Bear,Aitkin,113699,2004-08-09,GOS,,"[[6, 1], [7, 1]]",
01006400,Bear,Aitkin,113699,2004-08-09,BLG,,"[[3, 8], [4, 15], [5, 66], [6, 72], [7, 24], [8, 3]]",
01006400,Bear,Aitkin,113699,2004-08-09,LMB,,"[[15, 1]]",
01006400,Bear,Aitkin,113699,2004-08-09,YEP,,"[[5, 4], [6, 3], [8, 1]]",
01006400,Bear,Aitkin,113699,2004-08-09,PMK,,"[[4, 2], [5, 3], [6, 13], [7, 5]]",
01006400,Bear,Aitkin,113699,2004-08-09,HSF,,"[[6, 1]]",
01006400,Bear,Aitkin,113699,2004-08-09,NOP,,"[[19, 1], [21, 1], [22, 2], [23, 1], [25, 1], [27, 1], [28, 2], [30, 1], [32, 1]]",
01015700,Big Pine,Aitkin,16692115344374000,2021-08-30,GSF,,"[[4, 2]]",
01015700,Big Pine,Aitkin,16692115344374000,2021-08-30,SMB,,"[[8, 1]]",
01015700,Big Pine,Aitkin,16692115344374000,2021-08-30,BRB,,"[[13, 1], [15, 1]]",
01015700,Big Pine,Aitkin,16692115344374000,2021-08-30,BLG,,"[[3, 3], [4, 15], [5, 19], [6, 5], [7, 3], [8, 1]]",
01015700,Big Pine,Aitkin,16692115344374000,2021-08-30,NOP,,"[[15, 2], [16, 2], [17, 3], [18, 3], [19, 10], [20, 12], [21, 8], [22, 4], [23, 5], [24, 3], [25, 2], [27, 2], [28, 1], [29, 1], [31, 1], [34, 1], [38, 1]]",
01015700,Big Pine,Aitkin,16692115344374000,2021-08-30,RKB,,"[[10, 1], [4, 4], [5, 6], [6, 7], [7, 11], [8, 14], [9, 4]]",
01015700,Big Pine,Aitkin,16692115344374000,2021-08-30,HSF,,"[[3, 4], [4, 8], [5, 19], [6, 29], [7, 27], [8, 12]]",
01015700,Big Pine,Aitkin,16692115344374000,2021-08-30,BLC,,"[[10, 7], [11, 1], [4, 3], [5, 2], [7, 5], [8, 2], [9, 10]]",
01015700,Big Pine,Aitkin,16692115344374000,2021-08-30,WAE,,"[[10, 1], [11, 2], [12, 8], [13, 3], [14, 4], [15, 5], [16, 3], [17, 2], [18, 2], [19, 3], [20, 7], [21, 2], [22, 3], [23, 3], [24, 1], [26, 3], [27, 1], [6, 1], [7, 1], [8, 1]]",
01015700,Big Pine,Aitkin,16692115344374000,2021-08-30,BOF,,"[[27, 1]]",
01015700,Big Pine,Aitkin,16692115344374000,2021-08-30,PMK,,"[[10, 1], [4, 2], [5, 10], [6, 15], [7, 5]]",
01015700,Big Pine,Aitkin,16692115344374000,2021-08-30,YEP,,"[[5, 1]]",
01015700,Big Pine,Aitkin,16692115344374000,2021-08-30,YEB,,"[[10, 4], [11, 5], [12, 12], [13, 5], [14, 2], [8, 1], [9, 1]]",
01015700,Big Pine,Aitkin,16692115344374000,2021-08-30,LMB,,"[[10, 22], [11, 14], [12, 12], [13, 19], [14, 27], [15, 8], [2, 1], [5, 6], [6, 5], [7, 8], [8, 20], [9, 19]]",
01015700,Big Pine,Aitkin,20212423924742000,2024-08-26,GSF,,"[[4, 1]]",
01015700,Big Pine,Aitkin,20212423924742000,2024-08-26,BLG,,"[[3, 3], [4, 22], [5, 13], [6, 1], [7, 1]]",
01015700,Big Pine,Aitkin,20212423924742000,2024-08-26,BRB,,"[[12, 1]]",
01015700,Big Pine,Aitkin,20212423924742000,2024-08-26,NOP,,"[[16, 2], [17, 1], [18, 3], [19, 2], [20, 2], [21, 4], [22, 3], [23, 2], [25, 2], [26, 1], [27, 2], [29, 3]]",
01015700,Big Pine,Aitkin,20212423924742000,2024-08-26,RKB,,"[[10, 2], [4, 1], [5, 9], [6, 2], [7, 5], [8, 10], [9, 4]]",
01015700,Big Pine,Aitkin,20212423924742000,2024-08-26,BLC,,"[[10, 1], [11, 2], [4, 1], [6, 1]]",
01015700,Big Pine,Aitkin,20212423924742000,2024-08-26,HSF,,"[[3, 1], [4, 6], [5, 3], [6, 4], [7, 7], [8, 2]]",
01015700,Big Pine,Aitkin,20212423924742000,2024-08-26,WAE,,"[[12, 1], [13, 1], [14, 2], [17, 3], [18, 3], [20, 2], [21, 1]]",
01015700,Big Pine,Aitkin,20212423924742000,2024-08-26,PMK,,"[[3, 1], [4, 4], [5, 1], [6, 1], [7, 2]]",
01015700,Big Pine,Aitkin,20212423924742000,2024-08-26,YEP,,"[[6, 4], [8, 1]]",
01015700,Big Pine,Aitkin,20212423924742000,2024-08-26,YEB,,"[[10, 2], [11, 2], [12, 1], [13, 1]]",
01015700,Big Pine,Aitkin,20212423924742000,2024-08-26,LMB,,"[[10, 5], [11, 5], [12, 1], [13, 3], [14, 3], [15, 1], [5, 1], [6, 1], [7, 1], [8, 4], [9, 5]]",
01015700,Big Pine,Aitkin,5131123626467000,2011-08-29,GSF,,"[[5, 1], [6, 1]]",
01015700,Big Pine,Aitkin,5131123626467000,2011-08-29,BLG,,"[[0, 1], [3, 21], [4, 29], [5, 27], [6, 28], [7, 9], [8, 2]]",
01015700,Big Pine,Aitkin,5131123626467000,2011-08-29,SMB,,"[[1, 1]]",
01015700,Big Pine,Aitkin,5131123626467000,2011-08-29,RKB,,"[[5, 8], [6, 17], [7, 23], [8, 23], [9, 15]]",
01015700,Big Pine,Aitkin,5131123626467000,2011-08-29,NOP,,"[[18, 1], [19, 4], [20, 1], [21, 5], [22, 8], [23, 2], [24, 3], [25, 2], [26, 3], [27, 3], [28, 1], [29, 1], [30, 2], [32, 1], [33, 1]]",
01015700,Big Pine,Aitkin,5131123626467000,2011-08-29,WTS,,"[[18, 1]]",
01015700,Big Pine,Aitkin,5131123626467000,2011-08-29,HSF,,"[[3, 9], [4, 29], [5, 34], [6, 39], [7, 13], [8, 3]]",
01015700,Big Pine,Aitkin,5131123626467000,2011-08-29,BLC,,"[[10, 1], [13, 1], [4, 27], [5, 4], [7, 1], [8, 2], [9, 4]]",
01015700,Big Pine,Aitkin,5131123626467000,2011-08-29,WAE,,"[[11, 2], [15, 1], [16, 11], [17, 7], [18, 9], [19, 8], [20, 7], [21, 1], [22, 2], [24, 3], [28, 2]]",
01015700,Big Pine,Aitkin,5131123626467000,2011-08-29,BOF,,"[[24, 1], [26, 1]]",
01015700,Big Pine,Aitkin,5131123626467000,2011-08-29,PMK,,"[[4, 1]]",
01015700,Big Pine,Aitkin,5131123626467000,2011-08-29,YEB,,"[[10, 2], [11, 5], [12, 1], [13, 2], [8, 2], [9, 1]]",
01015700,Big Pine,Aitkin,5131123626467000,2011-08-29,YEP,,"[[1, 53], [5, 7], [6, 11], [7, 1], [8, 5], [9, 1]]",
01015700,Big Pine,Aitkin,5131123626467000,2011-08-29,LMB,,"[[1, 24], [10, 7], [11, 9], [12, 8], [13, 4], [14, 7], [15, 1], [4, 1], [5, 9], [6, 1], [7, 7], [8, 5], [9, 3]]",
01015700,Big Pine,Aitkin,5131321749929000,2013-08-26,WAE,,"[[10, 1], [11, 4], [12, 16], [13, 10], [14, 2], [15, 1], [16, 2], [17, 3], [18, 3], [19, 6], [20, 5], [21, 3], [22, 2], [24, 2], [25, 1], [7, 2], [8, 1]]",
01015700,Big Pine,Aitkin,5131321749929000,2013-08-26,YEP,,"[[4, 1], [6, 14], [7, 3], [8, 2], [9, 1]]",
01015700,Big Pine,Aitkin,5131321749929000,2013-08-26,YEB,,"[[11, 1], [12, 1], [13, 1]]",
01015700,Big Pine,Aitkin,5131321749929000,2013-08-26,PMK,,"[[3, 1], [4, 4], [5, 1], [6, 7], [7, 2]]",
01015700,Big Pine,Aitkin,5131321749929000,2013-08-26,LMB,,"[[10, 3], [11, 3], [12, 1], [13, 2], [14, 5], [15, 1], [5, 3], [6, 6], [7, 5], [8, 5], [9, 3]]",
01015700,Big Pine,Aitkin,5131321749929000,2013-08-26,SMB,,"[[20, 1]]",
01015700,Big Pine,Aitkin,5131321749929000,2013-08-26,BLG,,"[[3, 3], [4, 3], [5, 1], [6, 4], [7, 6]]",
01015700,Big Pine,Aitkin,5131321749929000,2013-08-26,RKB,,"[[10, 5], [3, 1], [4, 9], [5, 1], [6, 5], [7, 11], [8, 19], [9, 8]]",
01015700,Big Pine,Aitkin,5131321749929000,2013-08-26,NOP,,"[[15, 1], [17, 4], [18, 2], [19, 3], [20, 3], [21, 5], [22, 10], [23, 2], [24, 6], [25, 5], [26, 4], [27, 6], [28, 1], [29, 5], [31, 5], [32, 1], [35, 1], [36, 1]]",
01015700,Big Pine,Aitkin,5131321749929000,2013-08-26,BLC,,"[[11, 2], [5, 4], [8, 1], [9, 4]]",
01015700,Big Pine,Aitkin,5131321749929000,2013-08-26,HSF,,"[[3, 3], [4, 9], [7, 1]]",
01015700,Big Pine,Aitkin,970710842551003,2007-08-27,HSF,,"[[2, 1], [3, 7], [4, 15], [5, 17], [6, 40], [7, 22], [8, 1]]",
01015700,Big Pine,Aitkin,970710842551003,2007-08-27,BLC,,"[[10, 4], [11, 2], [12, 1], [5, 1], [7, 3], [8, 2], [9, 3]]",
01015700,Big Pine,Aitkin,970710842551003,2007-08-27,GSF,,"[[4, 1], [5, 3], [6, 6], [7, 2]]",
01015700,Big Pine,Aitkin,970710842551003,2007-08-27,BRB,,"[[10, 1], [12, 1], [14, 2]]",
01015700,Big Pine,Aitkin,970710842551003,2007-08-27,BLG,,"[[3, 28], [4, 26], [5, 43], [6, 27], [7, 10]]",
01015700,Big Pine,Aitkin,970710842551003,2007-08-27,NOP,,"[[11, 1], [9, 1], [20, 1], [21, 2], [22, 3], [23, 4], [24, 6], [25, 4], [26, 1], [27, 2], [29, 3], [30, 2], [31, 2], [34, 1]]",
01015700,Big Pine,Aitkin,970710842551003,2007-08-27,RKB,,"[[10, 3], [3, 1], [4, 1], [5, 13], [6, 10], [7, 12], [8, 5], [9, 4]]",
01015700,Big Pine,Aitkin,970710842551003,2007-08-27,LMB,,"[[10, 2], [11, 4], [12, 2], [13, 4], [14, 3], [5, 2], [7, 8], [8, 5], [9, 3]]",
01015700,Big Pine,Aitkin,970710842551003,2007-08-27,WAE,,"[[10, 1], [12, 1], [14, 6], [15, 3], [16, 11], [17, 3], [18, 1], [21, 2], [22, 2], [23, 2], [25, 1], [27, 1], [7, 1], [8, 3], [9, 1]]",
01015700,Big Pine,Aitkin,970710842551003,2007-08-27,PMK,,"[[4, 2], [5, 23], [6, 9], [7, 2]]",
01015700,Big Pine,Aitkin,970710842551003,2007-08-27,BOF,,"[[25, 1]]",
01015700,Big Pine,Aitkin,970710842551003,2007-08-27,YEP,,"[[5, 2], [6, 9], [7, 3], [8, 1]]",
01015700,Big Pine,Aitkin,970710842551003,2007-08-27,YEB,,"[[10, 2], [11, 1], [12, 2], [13, 3], [14, 1], [6, 1], [8, 1]]",
01015700,Big Pine,Aitkin,113671,2002-08-26,LMB,,"[[10, 15], [11, 13], [12, 13], [13, 6], [14, 9], [15, 1], [3, 1], [5, 10], [6, 9], [7, 21], [8, 14], [9, 15]]",
01015700,Big Pine,Aitkin,113671,2002-08-26,BOF,,"[[27, 2]]",
01015700,Big Pine,Aitkin,113671,2002-08-26,PMK,,"[[3, 6], [4, 18], [5, 9], [6, 22], [7, 6]]",
01015700,Big Pine,Aitkin,113671,2002-08-26,YEP,,"[[5, 3], [6, 8], [7, 8], [8, 7], [9, 1]]",
01015700,Big Pine,Aitkin,113671,2002-08-26,YEB,,"[[10, 2], [11, 3], [12, 2], [9, 2]]",
01015700,Big Pine,Aitkin,113671,2002-08-26,WAE,,"[[12, 1], [15, 1], [16, 1], [18, 2], [19, 7], [20, 11], [21, 5], [22, 1], [26, 1], [27, 1]]",
01015700,Big Pine,Aitkin,113671,2002-08-26,HSF,,"[[3, 9], [4, 8], [5, 20], [6, 19], [7, 9]]",
01015700,Big Pine,Aitkin,113671,2002-08-26,BLC,,"[[11, 3], [12, 2], [13, 1], [4, 3], [5, 1]]",
01015700,Big Pine,Aitkin,113671,2002-08-26,NOP,,"[[14, 1], [15, 2], [16, 6], [17, 8], [18, 3], [19, 3], [20, 5], [21, 5], [22, 12], [23, 7], [24, 3], [25, 2], [26, 2], [28, 2], [30, 1]]",
01015700,Big Pine,Aitkin,113671,2002-08-26,WTS,,"[[19, 1]]",
01015700,Big Pine,Aitkin,113671,2002-08-26,RKB,,"[[10, 1], [4, 5], [5, 8], [6, 20], [7, 31], [8, 16], [9, 2]]",
01015700,Big Pine,Aitkin,113671,2002-08-26,GSF,,"[[3, 5], [4, 3], [5, 1]]",
01015700,Big Pine,Aitkin,113671,2002-08-26,BLG,,"[[3, 50], [4, 63], [5, 43], [6, 57], [7, 20]]",
01015700,Big Pine,Aitkin,113671,2002-08-26,SMB,,"[[11, 1], [5, 3], [6, 1]]",
01015700,Big Pine,Aitkin,113490,1996-08-26,LMB,,"[[10, 3], [11, 3], [12, 4], [13, 2], [14, 4], [5, 8], [6, 5], [7, 4], [8, 1], [9, 2]]",
01015700,Big Pine,Aitkin,113490,1996-08-26,BOF,,"[[26, 1]]",
01015700,Big Pine,Aitkin,113490,1996-08-26,PMK,,"[[3, 10], [4, 4], [5, 5], [6, 13], [7, 1], [8, 1]]",
01015700,Big Pine,Aitkin,113490,1996-08-26,YEP,,"[[10, 1], [5, 7], [6, 23], [7, 5], [8, 5], [9, 2]]",
01015700,Big Pine,Aitkin,113490,1996-08-26,YEB,,"[[10, 2], [12, 4], [13, 5], [14, 2]]",
01015700,Big Pine,Aitkin,113490,1996-08-26,WAE,,"[[10, 3], [11, 2], [12, 12], [13, 6], [14, 3], [15, 7], [16, 14], [17, 13], [18, 8], [20, 1], [21, 3], [22, 1], [24, 2], [27, 1]]",
01015700,Big Pine,Aitkin,113490,1996-08-26,BLC,,"[[10, 1], [6, 3], [7, 5]]",
01015700,Big Pine,Aitkin,113490,1996-08-26,HSF,,"[[3, 1], [4, 6], [5, 12], [6, 14], [7, 9]]",
01015700,Big Pine,Aitkin,113490,1996-08-26,RKB,,"[[10, 2], [3, 4], [4, 5], [5, 8], [6, 12], [7, 15], [8, 29], [9, 13]]",
01015700,Big Pine,Aitkin,113490,1996-08-26,NOP,,"[[16, 1], [18, 2], [19, 2], [20, 9], [21, 5], [22, 8], [23, 6], [24, 8], [25, 3], [26, 2], [27, 4], [28, 2], [29, 3], [30, 1], [33, 1]]",
01015700,Big Pine,Aitkin,113490,1996-08-26,WTS,,"[[8, 1]]",
01015700,Big Pine,Aitkin,113490,1996-08-26,GSF,,"[[4, 2], [5, 1], [6, 1]]",
01015700,Big Pine,Aitkin,113490,1996-08-26,BRB,,"[[11, 1], [12, 1], [14, 2]]",
01015700,Big Pine,Aitkin,113490,1996-08-26,BLG,,"[[3, 28], [4, 93], [5, 66], [6, 82], [7, 47], [8, 4]]",
01015700,Big Pine,Aitkin,113490,1996-08-26,SMB,,"[[14, 1]]",
01015700,Big Pine,Aitkin,13731610232803011,2016-08-29,LMB,,"[[10, 1], [11, 7], [12, 4], [13, 2], [14, 3], [5, 8], [6, 6], [7, 3], [8, 1], [9, 2]]",
01015700,Big Pine,Aitkin,13731610232803011,2016-08-29,BOF,,"[[19, 1], [22, 1], [25, 1], [27, 1]]",
01015700,Big Pine,Aitkin,13731610232803011,2016-08-29,PMK,,"[[3, 1], [5, 3], [6, 11], [7, 2], [8, 1]]",
01015700,Big Pine,Aitkin,13731610232803011,2016-08-29,YEP,,"[[5, 1], [6, 24], [7, 5], [8, 4], [9, 3]]",
01015700,Big Pine,Aitkin,13731610232803011,2016-08-29,YEB,,"[[10, 2], [12, 2], [13, 2], [9, 3]]",
01015700,Big Pine,Aitkin,13731610232803011,2016-08-29,BLB,,"[[11, 1]]",
01015700,Big Pine,Aitkin,13731610232803011,2016-08-29,WAE,,"[[10, 2], [11, 3], [12, 5], [13, 4], [14, 5], [15, 10], [16, 5], [17, 5], [18, 2], [19, 2], [20, 2], [24, 1], [7, 3], [8, 3], [9, 4]]",
01015700,Big Pine,Aitkin,13731610232803011,2016-08-29,BLC,,"[[10, 1], [4, 2], [5, 1], [7, 2], [8, 3], [9, 1]]",
01015700,Big Pine,Aitkin,13731610232803011,2016-08-29,HSF,,"[[3, 5], [4, 23], [5, 23], [6, 24], [7, 27], [8, 17]]",
01015700,Big Pine,Aitkin,13731610232803011,2016-08-29,NOP,,"[[15, 1], [16, 4], [17, 6], [18, 3], [19, 3], [20, 5], [22, 8], [23, 1], [24, 1], [26, 2], [27, 1], [29, 1], [32, 1]]",
01015700,Big Pine,Aitkin,13731610232803011,2016-08-29,RKB,,"[[10, 1], [3, 1], [4, 4], [5, 4], [6, 5], [7, 4], [8, 4], [9, 2]]",
01015700,Big Pine,Aitkin,13731610232803011,2016-08-29,GSF,,"[[4, 1]]",
01015700,Big Pine,Aitkin,13731610232803011,2016-08-29,BRB,,"[[12, 1], [13, 1], [15, 1]]",
01015700,Big Pine,Aitkin,13731610232803011,2016-08-29,BLG,,"[[2, 1], [3, 8], [4, 38], [5, 45], [6, 39], [7, 12], [8, 2]]",
01006200,Big Sandy,Aitkin,113713,2005-07-11,BOF,,"[[20, 1], [21, 1], [23, 7], [24, 7], [25, 5], [26, 3], [27, 1], [28, 1]]",
01006200,Big Sandy,Aitkin,113713,2005-07-11,SLR,,"[[20, 1], [23, 3]]",
01006200,Big Sandy,Aitkin,113713,2005-07-11,RKB,,"[[10, 14], [11, 1], [4, 1], [5, 2], [6, 1], [7, 4], [8, 9], [9, 11]]",
01006200,Big Sandy,Aitkin,113713,2005-07-11,YEB,,"[[11, 2], [12, 6], [13, 3], [14, 1]]",
01006200,Big Sandy,Aitkin,113713,2005-07-11,WTS,,"[[10, 2], [11, 3], [12, 2], [13, 4], [15, 1], [16, 4], [17, 4], [18, 4], [19, 1], [7, 2], [9, 3]]",
01006200,Big Sandy,Aitkin,113713,2005-07-11,WAE,,"[[10, 7], [11, 11], [12, 5], [13, 3], [18, 2], [23, 1], [7, 3], [8, 10], [9, 9]]",
01006200,Big Sandy,Aitkin,113713,2005-07-11,BRB,,"[[11, 1], [13, 5], [14, 4]]",
01006200,Big Sandy,Aitkin,113713,2005-07-11,TLC,,"[[10, 3], [11, 14], [12, 19], [13, 3], [14, 6], [15, 12], [16, 24], [17, 21], [18, 15], [19, 3], [6, 6], [7, 16], [8, 5], [9, 1]]",
01006200,Big Sandy,Aitkin,113713,2005-07-11,BLB,,"[[12, 3], [13, 14], [14, 2]]",
01006200,Big Sandy,Aitkin,113713,2005-07-11,PMK,,"[[4, 1], [5, 2], [6, 6], [7, 6]]",
01006200,Big Sandy,Aitkin,113713,2005-07-11,BLG,,"[[3, 1], [4, 8], [5, 4], [6, 11], [7, 20], [8, 21], [9, 2]]",
01006200,Big Sandy,Aitkin,113713,2005-07-11,YEP,,"[[10, 8], [11, 7], [12, 2], [3, 1], [5, 40], [6, 25], [7, 29], [8, 51], [9, 43]]",
01006200,Big Sandy,Aitkin,113713,2005-07-11,BLC,,"[[10, 11], [11, 3], [12, 2], [6, 1], [7, 6], [8, 37], [9, 7]]",
01006200,Big Sandy,Aitkin,113713,2005-07-11,HSF,,"[[6, 1], [8, 2]]",
01006200,Big Sandy,Aitkin,113713,2005-07-11,NOP,,"[[10, 2], [11, 2], [12, 4], [13, 3], [14, 6], [15, 6], [16, 16], [17, 13], [18, 6], [19, 10], [20, 6], [21, 3], [22, 3], [24, 2], [25, 1], [26, 1], [9, 1]]",
01006200,Big Sandy,Aitkin,113713,2005-07-11,SHR,,"[[12, 1], [13, 2], [14, 7], [15, 12], [16, 4], [18, 2], [6, 2], [7, 1], [8, 3]]",
01006200,Big Sandy,Aitkin,17271927729363000,2019-10-03,WAE,,"[[3, 1], [4, 34], [5, 37], [6, 18], [10, 9], [11, 7], [12, 6], [13, 7], [14, 3], [15, 1], [16, 1], [6, 4], [7, 18], [8, 46], [9, 43]]",
01006200,Big Sandy,Aitkin,5131327326213000,2013-10-07,WAE,,"[[3, 12], [4, 664], [5, 190], [6, 111], [7, 4], [10, 41], [11, 18], [12, 16], [13, 15], [14, 4], [15, 4], [16, 3], [8, 1], [9, 19]]",
01006200,Big Sandy,Aitkin,13091608250479000,2016-04-04,WAE,,"[[10, 20], [11, 185], [12, 447], [13, 892], [14, 865], [15, 425], [16, 218], [17, 100], [18, 35], [19, 34], [20, 20], [21, 9], [22, 7], [23, 6], [24, 2], [25, 3], [26, 4], [27, 1], [28, 1], [8, 4], [9, 10]]",
01006200,Big Sandy,Aitkin,17272127230837000,2021-09-28,WAE,,"[[4, 5], [5, 27], [6, 60], [7, 9], [10, 16], [11, 20], [12, 40], [13, 35], [14, 18], [15, 7], [16, 4], [17, 1], [7, 2], [8, 30], [9, 18]]",
01006200,Big Sandy,Aitkin,13731610232270004,2016-07-25,WAE,,"[[10, 9], [11, 21], [12, 27], [13, 14], [14, 9], [15, 1], [16, 2], [17, 2], [19, 1], [25, 1], [26, 1], [6, 2], [7, 23], [8, 15], [9, 6]]",
01006200,Big Sandy,Aitkin,13731610232270004,2016-07-25,YEB,,"[[12, 1]]",
01006200,Big Sandy,Aitkin,13731610232270004,2016-07-25,WTS,,"[[11, 2], [12, 2], [13, 3], [15, 2], [16, 5], [17, 6], [18, 7], [19, 4], [20, 1], [21, 1], [23, 1], [6, 1]]",
01006200,Big Sandy,Aitkin,13731610232270004,2016-07-25,RKB,,"[[10, 6], [11, 1], [3, 2], [5, 1], [6, 4], [7, 2], [8, 5], [9, 4]]",
01006200,Big Sandy,Aitkin,13731610232270004,2016-07-25,SLR,,"[[18, 1], [24, 1]]",
01006200,Big Sandy,Aitkin,13731610232270004,2016-07-25,BOF,,"[[13, 2], [16, 1], [17, 2], [20, 1], [21, 2], [22, 6], [23, 2], [24, 7], [25, 2], [26, 1], [27, 1], [28, 3], [29, 2], [30, 1]]",
01006200,Big Sandy,Aitkin,13731610232270004,2016-07-25,BLG,,"[[10, 1], [3, 12], [4, 2], [5, 3], [6, 1], [8, 1], [9, 4]]",
01006200,Big Sandy,Aitkin,13731610232270004,2016-07-25,YEP,,"[[10, 16], [11, 1], [12, 1], [2, 1], [5, 17], [6, 25], [7, 61], [8, 73], [9, 29]]",
01006200,Big Sandy,Aitkin,13731610232270004,2016-07-25,LMB,,"[[18, 1], [8, 1]]",
01006200,Big Sandy,Aitkin,13731610232270004,2016-07-25,PMK,,"[[3, 7], [5, 1], [8, 3]]",
01006200,Big Sandy,Aitkin,13731610232270004,2016-07-25,BLB,,"[[11, 1], [14, 2]]",
01006200,Big Sandy,Aitkin,13731610232270004,2016-07-25,CCF,,"[[18, 1], [20, 2], [21, 1], [23, 1]]",
01006200,Big Sandy,Aitkin,13731610232270004,2016-07-25,TLC,,"[[10, 1], [11, 16], [12, 22], [13, 9], [14, 4], [15, 1], [18, 1], [7, 1], [8, 2]]",
01006200,Big Sandy,Aitkin,13731610232270004,2016-07-25,BRB,,"[[14, 2]]",
01006200,Big Sandy,Aitkin,13731610232270004,2016-07-25,SHR,,"[[10, 1], [14, 3], [15, 1], [16, 10], [17, 5], [18, 4], [22, 1], [23, 1], [8, 1], [9, 1]]",
01006200,Big Sandy,Aitkin,13731610232270004,2016-07-25,NOP,,"[[12, 1], [13, 5], [14, 4], [15, 3], [16, 3], [17, 5], [18, 7], [19, 5], [20, 4], [21, 4], [22, 1], [23, 2], [24, 1], [26, 1], [30, 1]]",
01006200,Big Sandy,Aitkin,13731610232270004,2016-07-25,BLC,,"[[10, 20], [11, 7], [12, 3], [13, 1], [4, 10], [5, 4], [8, 3], [9, 5]]",
01006200,Big Sandy,Aitkin,13731610232270004,2016-07-25,SMB,,"[[16, 1]]",
01006200,Big Sandy,Aitkin,18802027534516000,2020-10-02,YEP,,"[[1, 28], [2, 212]]",
01006200,Big Sandy,Aitkin,18802027534516000,2020-10-02,WAE,,"[[4, 5], [5, 35], [6, 12], [7, 1], [10, 11], [11, 16], [12, 5], [13, 1], [14, 2], [15, 2], [6, 2], [7, 23], [8, 16], [9, 14]]",
01006200,Big Sandy,Aitkin,20972317450902000,2023-05-25,WAE,,"[[10, 4], [11, 48], [12, 127], [13, 153], [14, 116], [15, 64], [16, 28], [17, 20], [18, 10], [19, 4], [20, 10], [21, 1], [22, 3], [24, 3]]",
01006200,Big Sandy,Aitkin,4260909235078000,2009-07-06,SMB,,"[[11, 1], [17, 1]]",
01006200,Big Sandy,Aitkin,4260909235078000,2009-07-06,TLC,,"[[10, 6], [11, 7], [12, 3], [14, 6], [15, 9], [16, 4], [19, 1], [7, 8], [8, 4]]",
01006200,Big Sandy,Aitkin,4260909235078000,2009-07-06,BLC,,"[[11, 1], [5, 1]]",
01006200,Big Sandy,Aitkin,4260909235078000,2009-07-06,NOP,,"[[14, 4], [15, 3], [16, 1], [17, 1], [18, 5], [19, 3], [20, 12], [21, 5], [22, 2], [23, 2], [25, 2], [26, 1], [28, 1]]",
01006200,Big Sandy,Aitkin,4260909235078000,2009-07-06,YEP,,"[[10, 27], [11, 7], [5, 9], [6, 38], [7, 39], [8, 56], [9, 27]]",
01006200,Big Sandy,Aitkin,4260909235078000,2009-07-06,SHR,,"[[12, 2], [14, 3], [15, 4], [16, 8], [17, 7], [18, 1]]",
01006200,Big Sandy,Aitkin,4260909235078000,2009-07-06,BOF,,"[[28, 1]]",
01006200,Big Sandy,Aitkin,4260909235078000,2009-07-06,SLR,,"[[20, 1]]",
01006200,Big Sandy,Aitkin,4260909235078000,2009-07-06,RKB,,"[[5, 3], [7, 2], [8, 1], [9, 4]]",
01006200,Big Sandy,Aitkin,4260909235078000,2009-07-06,WTS,,"[[10, 2], [11, 1], [12, 3], [13, 4], [14, 1], [15, 2], [16, 5], [17, 6], [18, 4], [19, 1], [8, 2]]",
01006200,Big Sandy,Aitkin,4260909235078000,2009-07-06,BUB,,"[[26, 1], [8, 1]]",
01006200,Big Sandy,Aitkin,4260909235078000,2009-07-06,WAE,,"[[10, 31], [11, 80], [12, 207], [13, 193], [14, 126], [15, 121], [16, 121], [17, 72], [18, 38], [19, 19], [20, 11], [21, 4], [22, 5], [23, 2], [24, 4], [25, 2], [26, 1], [27, 1], [7, 2], [8, 9], [9, 4]]",
01006200,Big Sandy,Aitkin,113432,1995-07-07,RKB,,"[[1, 1], [10, 5], [4, 1], [7, 1], [8, 5], [9, 8], [1, 16]]",
01006200,Big Sandy,Aitkin,113432,1995-07-07,WTS,,"[[11, 2], [12, 7], [13, 5], [14, 2], [15, 3], [16, 7], [17, 14], [18, 8], [19, 2], [20, 3]]",
01006200,Big Sandy,Aitkin,113432,1995-07-07,YEB,,"[[11, 1], [12, 3], [9, 1]]",
01006200,Big Sandy,Aitkin,113432,1995-07-07,BUB,,"[[14, 1], [15, 1], [16, 1], [22, 1], [9, 1]]",
01006200,Big Sandy,Aitkin,113432,1995-07-07,WAE,,"[[10, 1], [11, 8], [12, 7], [13, 9], [14, 4], [15, 1], [16, 3], [17, 2], [18, 1], [19, 3], [20, 2], [27, 1], [6, 31], [7, 20], [8, 5], [9, 9]]",
01006200,Big Sandy,Aitkin,113432,1995-07-07,BOF,,"[[22, 1], [23, 4], [24, 5], [25, 3], [26, 2], [27, 1], [28, 1]]",
01006200,Big Sandy,Aitkin,113432,1995-07-07,SLR,,"[[19, 2], [20, 2], [21, 2], [23, 2]]",
01006200,Big Sandy,Aitkin,113432,1995-07-07,PMK,,"[[7, 1]]",
01006200,Big Sandy,Aitkin,113432,1995-07-07,YEP,,"[[10, 64], [11, 17], [3, 5], [4, 15], [5, 21], [6, 21], [7, 107], [8, 95], [9, 114], [1, 44], [2, 46]]",
01006200,Big Sandy,Aitkin,113432,1995-07-07,LMB,,"[[4, 1], [5, 8]]",
01006200,Big Sandy,Aitkin,113432,1995-07-07,BLG,,"[[0, 2], [1, 35], [1, 1], [3, 1], [9, 1]]",
01006200,Big Sandy,Aitkin,113432,1995-07-07,TLC,,"[[10, 33], [11, 47], [12, 15], [13, 3], [14, 4], [15, 4], [17, 2], [6, 1], [7, 3], [8, 8], [9, 5]]",
01006200,Big Sandy,Aitkin,113432,1995-07-07,BRB,,"[[10, 1], [11, 17], [12, 23], [13, 5]]",
01006200,Big Sandy,Aitkin,113432,1995-07-07,BLB,,"[[10, 10], [11, 2], [9, 2]]",
01006200,Big Sandy,Aitkin,113432,1995-07-07,NOP,,"[[11, 2], [12, 4], [13, 10], [14, 7], [15, 7], [16, 12], [17, 24], [18, 13], [19, 7], [20, 7], [21, 3], [22, 4], [23, 2], [4, 1], [6, 2], [7, 2], [8, 3], [9, 1]]",
01006200,Big Sandy,Aitkin,113432,1995-07-07,SHR,,"[[12, 1], [13, 2], [16, 4], [18, 4]]",
01006200,Big Sandy,Aitkin,113432,1995-07-07,BLC,,"[[1, 1], [2, 2], [10, 4], [11, 12], [12, 5], [4, 1], [5, 1], [6, 1], [7, 1], [8, 2]]",
01006200,Big Sandy,Aitkin,113432,1995-07-07,HSF,,"[[2, 1]]",
01006200,Big Sandy,Aitkin,18802111629808000,2021-04-07,WAE,,"[[10, 28], [11, 275], [12, 789], [13, 1070], [14, 697], [15, 326], [16, 166], [17, 67], [18, 27], [19, 14], [20, 11], [21, 15], [22, 12], [23, 4], [24, 3], [25, 2], [26, 2], [27, 1], [8, 1], [9, 6]]",
01006200,Big Sandy,Aitkin,18802314336081000,2023-04-19,WAE,,"[[10, 2], [11, 44], [12, 438], [13, 967], [14, 866], [15, 436], [16, 216], [17, 101], [18, 27], [19, 22], [20, 13], [21, 11], [22, 4], [23, 3], [24, 4], [25, 2], [26, 2], [8, 1], [9, 1]]",
01006200,Big Sandy,Aitkin,17272214554360000,2022-07-11,SHR,,"[[10, 2], [11, 2], [12, 5], [13, 12], [14, 12], [15, 15], [16, 9], [17, 1], [18, 1], [5, 1], [8, 1]]",
01006200,Big Sandy,Aitkin,17272214554360000,2022-07-11,NOP,,"[[11, 3], [12, 3], [13, 1], [14, 2], [15, 6], [16, 10], [17, 17], [18, 16], [19, 4], [20, 11], [21, 4], [22, 4], [23, 1], [29, 1], [37, 1], [9, 1]]",
01006200,Big Sandy,Aitkin,17272214554360000,2022-07-11,BLC,,"[[10, 3], [12, 3], [13, 1], [4, 4], [5, 4], [6, 3], [7, 9], [8, 3]]",
01006200,Big Sandy,Aitkin,17272214554360000,2022-07-11,PMK,,"[[4, 1], [5, 7], [6, 5], [7, 5]]",
01006200,Big Sandy,Aitkin,17272214554360000,2022-07-11,BLG,,"[[10, 4], [3, 4], [4, 8], [5, 9], [6, 11], [7, 11], [8, 17], [9, 16]]",
01006200,Big Sandy,Aitkin,17272214554360000,2022-07-11,YEP,,"[[10, 23], [11, 1], [4, 2], [5, 32], [6, 14], [7, 21], [8, 46], [9, 33]]",
01006200,Big Sandy,Aitkin,17272214554360000,2022-07-11,TLC,,"[[10, 13], [11, 7], [12, 22], [13, 9], [14, 16], [15, 17], [16, 2], [8, 4], [9, 12]]",
01006200,Big Sandy,Aitkin,17272214554360000,2022-07-11,BRB,,"[[12, 1], [13, 1], [14, 1]]",
01006200,Big Sandy,Aitkin,17272214554360000,2022-07-11,CCF,,"[[11, 2], [12, 1], [13, 6], [14, 10], [15, 17], [16, 9], [17, 18], [18, 16], [19, 5], [20, 3], [21, 2], [27, 1]]",
01006200,Big Sandy,Aitkin,17272214554360000,2022-07-11,WTS,,"[[10, 1], [16, 6], [17, 13], [18, 3], [7, 1], [8, 1]]",
01006200,Big Sandy,Aitkin,17272214554360000,2022-07-11,YEB,,"[[10, 1], [11, 4], [12, 1]]",
01006200,Big Sandy,Aitkin,17272214554360000,2022-07-11,BUB,,"[[11, 1]]",
01006200,Big Sandy,Aitkin,17272214554360000,2022-07-11,WAE,,"[[10, 6], [11, 8], [12, 11], [13, 13], [14, 12], [15, 4], [16, 2], [18, 1], [21, 1], [6, 1], [7, 15], [8, 4], [9, 7]]",
01006200,Big Sandy,Aitkin,17272214554360000,2022-07-11,RKB,,"[[10, 5], [3, 3], [4, 2], [5, 3], [6, 6], [7, 4], [8, 6], [9, 7]]",
01006200,Big Sandy,Aitkin,17272214554360000,2022-07-11,SLR,,"[[18, 1], [19, 2], [20, 1], [21, 3], [23, 3], [24, 1]]",
01006200,Big Sandy,Aitkin,17272214554360000,2022-07-11,BOF,,"[[19, 1], [20, 2], [21, 1], [22, 3], [23, 1], [24, 5], [25, 9], [26, 7], [27, 7], [28, 3], [29, 1], [30, 1]]",
01006200,Big Sandy,Aitkin,4291318926736000,2013-07-08,RKB,,"[[10, 16], [4, 3], [5, 2], [6, 13], [7, 12], [8, 9], [9, 32]]",
01006200,Big Sandy,Aitkin,4291318926736000,2013-07-08,YEB,,"[[10, 4], [11, 1], [12, 6], [13, 3], [14, 2], [8, 1], [9, 1]]",
01006200,Big Sandy,Aitkin,4291318926736000,2013-07-08,WTS,,"[[12, 1], [13, 2], [14, 6], [15, 2], [16, 13], [17, 12], [18, 8], [19, 3]]",
01006200,Big Sandy,Aitkin,4291318926736000,2013-07-08,WAE,,"[[10, 8], [11, 7], [12, 16], [13, 19], [14, 6], [15, 5], [16, 1], [17, 2], [18, 1], [19, 1], [24, 1], [25, 2], [6, 2], [7, 4], [8, 3], [9, 5]]",
01006200,Big Sandy,Aitkin,4291318926736000,2013-07-08,BUB,,"[[20, 1]]",
01006200,Big Sandy,Aitkin,4291318926736000,2013-07-08,BOF,,"[[17, 2], [18, 3], [19, 1], [20, 3], [21, 7], [22, 7], [23, 10], [24, 9], [25, 4], [26, 3], [27, 6], [28, 4], [29, 4]]",
01006200,Big Sandy,Aitkin,4291318926736000,2013-07-08,SLR,,"[[19, 3], [20, 1], [21, 2], [22, 2]]",
01006200,Big Sandy,Aitkin,4291318926736000,2013-07-08,MUE,,"[[37, 1]]",
01006200,Big Sandy,Aitkin,4291318926736000,2013-07-08,PMK,,"[[6, 1], [7, 12], [8, 2]]",
01006200,Big Sandy,Aitkin,4291318926736000,2013-07-08,BLG,,"[[10, 3], [5, 6], [6, 3], [7, 12], [8, 33], [9, 20]]",
01006200,Big Sandy,Aitkin,4291318926736000,2013-07-08,YEP,,"[[10, 90], [11, 29], [4, 5], [5, 35], [6, 70], [7, 70], [8, 115], [9, 91]]",
01006200,Big Sandy,Aitkin,4291318926736000,2013-07-08,TLC,,"[[15, 1], [6, 1]]",
01006200,Big Sandy,Aitkin,4291318926736000,2013-07-08,BRB,,"[[10, 2], [12, 1], [13, 2], [14, 3]]",
01006200,Big Sandy,Aitkin,4291318926736000,2013-07-08,BLB,,"[[10, 2], [8, 1]]",
01006200,Big Sandy,Aitkin,4291318926736000,2013-07-08,TRP,,"[[4, 1]]",
01006200,Big Sandy,Aitkin,4291318926736000,2013-07-08,NOP,,"[[10, 1], [11, 3], [13, 2], [14, 2], [15, 9], [16, 5], [17, 11], [18, 10], [19, 11], [20, 6], [21, 5], [22, 3], [23, 6], [24, 2], [25, 2], [26, 4], [27, 2], [28, 3], [29, 1], [31, 1], [33, 1]]",
01006200,Big Sandy,Aitkin,4291318926736000,2013-07-08,SHR,,"[[10, 1], [11, 3], [12, 4], [13, 1], [14, 2], [15, 15], [16, 14], [17, 12], [18, 6], [19, 2], [8, 1], [9, 1]]",
01006200,Big Sandy,Aitkin,4291318926736000,2013-07-08,SMB,,"[[15, 1]]",
01006200,Big Sandy,Aitkin,4291318926736000,2013-07-08,BLC,,"[[10, 1], [11, 19], [12, 22], [13, 2], [3, 1], [4, 7], [5, 4], [6, 27], [7, 8], [8, 29], [9, 16]]",
01006200,Big Sandy,Aitkin,4291318926736000,2013-07-08,HSF,,"[[7, 1], [8, 3]]",
01006200,Big Sandy,Aitkin,13091627145512000,2016-09-28,BLG,,"[[3, 6], [4, 3]]",
01006200,Big Sandy,Aitkin,13091627145512000,2016-09-28,YEP,,"[[10, 4], [5, 2], [6, 4], [7, 11], [8, 19], [9, 19]]",
01006200,Big Sandy,Aitkin,13091627145512000,2016-09-28,NOP,,"[[16, 6], [17, 3], [19, 2], [20, 1], [21, 3], [22, 1], [24, 1], [29, 1]]",
01006200,Big Sandy,Aitkin,13091627145512000,2016-09-28,SHR,,"[[12, 1], [15, 1], [16, 1], [6, 1]]",
01006200,Big Sandy,Aitkin,13091627145512000,2016-09-28,CCF,,"[[22, 1], [24, 1]]",
01006200,Big Sandy,Aitkin,13091627145512000,2016-09-28,BLC,,"[[10, 16], [11, 9], [12, 4], [4, 3], [5, 20], [6, 8], [7, 3], [8, 3], [9, 2]]",
01006200,Big Sandy,Aitkin,13091627145512000,2016-09-28,BLB,,"[[13, 1], [14, 3]]",
01006200,Big Sandy,Aitkin,13091627145512000,2016-09-28,TLC,,"[[10, 3], [11, 13], [12, 18], [13, 3], [14, 9], [15, 3], [16, 1], [6, 1], [7, 9], [8, 18], [9, 1]]",
01006200,Big Sandy,Aitkin,13091627145512000,2016-09-28,BRB,,"[[13, 2], [14, 1]]",
01006200,Big Sandy,Aitkin,13091627145512000,2016-09-28,RKB,,"[[10, 1], [6, 2], [7, 3], [9, 3]]",
01006200,Big Sandy,Aitkin,13091627145512000,2016-09-28,WAE,,"[[5, 4], [6, 24], [7, 5], [10, 16], [11, 25], [12, 24], [13, 22], [14, 12], [15, 5], [16, 2], [17, 1], [7, 3], [8, 30], [9, 53]]",
01006200,Big Sandy,Aitkin,13091627145512000,2016-09-28,BUB,,"[[8, 1]]",
01006200,Big Sandy,Aitkin,13091627145512000,2016-09-28,WTS,,"[[11, 1], [12, 2], [14, 1], [15, 1], [16, 2], [17, 7], [18, 3], [24, 1]]",
01006200,Big Sandy,Aitkin,13091627145512000,2016-09-28,YEB,,"[[13, 1], [7, 1], [8, 2]]",
01006200,Big Sandy,Aitkin,13091627145512000,2016-09-28,BOF,,"[[19, 1], [22, 1]]",
01006200,Big Sandy,Aitkin,13091818330676000,2018-07-09,SHR,,"[[10, 2], [12, 3], [13, 6], [16, 4], [17, 4], [18, 1], [6, 1], [8, 6], [9, 5]]",
01006200,Big Sandy,Aitkin,13091818330676000,2018-07-09,NOP,,"[[12, 3], [13, 1], [14, 3], [15, 6], [16, 1], [17, 7], [18, 8], [19, 8], [20, 4], [21, 1], [22, 3], [24, 4], [26, 2], [28, 1], [29, 2], [31, 1], [33, 1]]",
01006200,Big Sandy,Aitkin,13091818330676000,2018-07-09,HSF,,"[[8, 1]]",
01006200,Big Sandy,Aitkin,13091818330676000,2018-07-09,BLC,,"[[10, 2], [11, 5], [12, 1], [6, 1], [7, 3], [8, 22], [9, 10]]",
01006200,Big Sandy,Aitkin,13091818330676000,2018-07-09,SMB,,"[[12, 1], [13, 1], [15, 1], [19, 1]]",
01006200,Big Sandy,Aitkin,13091818330676000,2018-07-09,WAE,,"[[10, 14], [11, 21], [12, 18], [13, 14], [14, 9], [15, 1], [16, 2], [5, 1], [6, 9], [7, 10], [8, 7], [9, 16]]",
01006200,Big Sandy,Aitkin,13091818330676000,2018-07-09,YEB,,"[[10, 1], [11, 1], [13, 1]]",
01006200,Big Sandy,Aitkin,13091818330676000,2018-07-09,WTS,,"[[10, 6], [11, 1], [12, 6], [13, 2], [14, 1], [15, 3], [16, 9], [17, 6], [20, 1], [8, 2], [9, 3]]",
01006200,Big Sandy,Aitkin,13091818330676000,2018-07-09,RKB,,"[[10, 7], [11, 1], [5, 1], [6, 3], [7, 4], [8, 5], [9, 12]]",
01006200,Big Sandy,Aitkin,13091818330676000,2018-07-09,SLR,,"[[17, 1], [21, 2], [23, 1], [24, 1]]",
01006200,Big Sandy,Aitkin,13091818330676000,2018-07-09,BOF,,"[[19, 1], [20, 5], [21, 4], [22, 3], [23, 9], [24, 6], [25, 10], [26, 6], [27, 3], [28, 4], [29, 1]]",
01006200,Big Sandy,Aitkin,13091818330676000,2018-07-09,YEP,,"[[10, 32], [11, 2], [14, 1], [4, 1], [5, 12], [6, 20], [7, 26], [8, 65], [9, 59]]",
01006200,Big Sandy,Aitkin,13091818330676000,2018-07-09,BLG,,"[[10, 1], [5, 7], [6, 34], [7, 47], [8, 36], [9, 2]]",
01006200,Big Sandy,Aitkin,13091818330676000,2018-07-09,PMK,,"[[6, 2], [7, 1]]",
01006200,Big Sandy,Aitkin,13091818330676000,2018-07-09,CCF,,"[[17, 1]]",
01006200,Big Sandy,Aitkin,13091818330676000,2018-07-09,BRB,,"[[13, 1], [14, 2]]",
01006200,Big Sandy,Aitkin,13091818330676000,2018-07-09,TLC,,"[[10, 8], [11, 49], [12, 69], [13, 16], [14, 15], [15, 5], [16, 4], [6, 4], [7, 1], [8, 1], [9, 9]]",
01006200,Big Sandy,Aitkin,17272111734828000,2021-07-12,BLC,,"[[10, 2], [11, 13], [12, 7], [13, 5], [4, 2], [7, 2], [8, 2], [9, 3]]",
01006200,Big Sandy,Aitkin,17272111734828000,2021-07-12,SMB,,"[[12, 1], [15, 1]]",
01006200,Big Sandy,Aitkin,17272111734828000,2021-07-12,HSF,,"[[3, 1], [6, 1], [7, 1], [8, 1]]",
01006200,Big Sandy,Aitkin,17272111734828000,2021-07-12,NOP,,"[[10, 1], [11, 2], [12, 4], [13, 8], [14, 3], [15, 8], [16, 13], [17, 16], [18, 10], [19, 7], [20, 5], [21, 4], [23, 1], [26, 2], [27, 1]]",
01006200,Big Sandy,Aitkin,17272111734828000,2021-07-12,SHR,,"[[13, 5], [14, 6], [15, 6], [16, 2], [19, 1], [7, 1], [9, 1]]",
01006200,Big Sandy,Aitkin,17272111734828000,2021-07-12,BOF,,"[[12, 1], [15, 2], [18, 1], [19, 1], [20, 2], [21, 5], [22, 4], [23, 5], [24, 4], [25, 4], [26, 2], [30, 1]]",
01006200,Big Sandy,Aitkin,17272111734828000,2021-07-12,SLR,,"[[15, 1], [17, 4], [19, 1], [21, 1], [22, 1]]",
01006200,Big Sandy,Aitkin,17272111734828000,2021-07-12,RKB,,"[[10, 6], [11, 2], [3, 1], [4, 1], [5, 1], [6, 2], [7, 2], [8, 2], [9, 5]]",
01006200,Big Sandy,Aitkin,17272111734828000,2021-07-12,WAE,,"[[10, 9], [11, 15], [12, 9], [13, 7], [14, 11], [15, 4], [17, 1], [6, 2], [7, 12], [8, 6], [9, 12]]",
01006200,Big Sandy,Aitkin,17272111734828000,2021-07-12,BUB,,"[[13, 1], [14, 1], [25, 1]]",
01006200,Big Sandy,Aitkin,17272111734828000,2021-07-12,YEB,,"[[13, 2], [14, 1]]",
01006200,Big Sandy,Aitkin,17272111734828000,2021-07-12,WTS,,"[[10, 2], [11, 6], [12, 8], [13, 4], [14, 3], [15, 5], [16, 4], [17, 14], [18, 1], [19, 2], [8, 1], [9, 1]]",
01006200,Big Sandy,Aitkin,17272111734828000,2021-07-12,CCF,,"[[23, 1], [26, 1]]",
01006200,Big Sandy,Aitkin,17272111734828000,2021-07-12,TLC,,"[[10, 34], [11, 19], [12, 7], [13, 18], [14, 33], [15, 26], [16, 4], [17, 3], [6, 9], [7, 5], [8, 3], [9, 1]]",
01006200,Big Sandy,Aitkin,17272111734828000,2021-07-12,BLG,,"[[3, 3], [7, 1], [8, 9], [9, 12]]",
01006200,Big Sandy,Aitkin,17272111734828000,2021-07-12,YEP,,"[[10, 11], [11, 5], [5, 23], [6, 13], [7, 29], [8, 26], [9, 24]]",
01006200,Big Sandy,Aitkin,17272111734828000,2021-07-12,PMK,,"[[3, 8], [4, 1], [5, 1]]",
01006200,Big Sandy,Aitkin,20232313629117000,2023-07-10,SMB,,"[[13, 1]]",
01006200,Big Sandy,Aitkin,20232313629117000,2023-07-10,TLC,,"[[10, 12], [11, 13], [12, 23], [13, 19], [14, 11], [15, 10], [16, 5], [17, 1], [7, 3], [8, 45], [9, 16]]",
01006200,Big Sandy,Aitkin,20232313629117000,2023-07-10,CCF,,"[[15, 2], [16, 10], [17, 20], [18, 15], [19, 11], [20, 10], [21, 5], [22, 1], [23, 1], [24, 3], [28, 1], [29, 1]]",
01006200,Big Sandy,Aitkin,20232313629117000,2023-07-10,BLC,,"[[12, 1], [6, 1], [7, 1]]",
01006200,Big Sandy,Aitkin,20232313629117000,2023-07-10,SHR,,"[[11, 1], [12, 2], [13, 10], [14, 8], [15, 7], [16, 7], [17, 4], [8, 2], [9, 1]]",
01006200,Big Sandy,Aitkin,20232313629117000,2023-07-10,NOP,,"[[10, 1], [11, 1], [13, 1], [15, 3], [16, 9], [17, 8], [18, 12], [19, 7], [20, 4], [21, 2], [24, 2], [25, 1], [26, 1], [29, 1], [33, 1], [36, 2]]",
01006200,Big Sandy,Aitkin,20232313629117000,2023-07-10,YEP,,"[[10, 4], [11, 1], [5, 5], [6, 4], [7, 9], [8, 6], [9, 6]]",
01006200,Big Sandy,Aitkin,20232313629117000,2023-07-10,WTS,,"[[11, 1], [12, 2], [14, 3], [16, 1], [17, 8], [18, 4], [19, 3], [8, 2]]",
01006200,Big Sandy,Aitkin,20232313629117000,2023-07-10,WAE,,"[[10, 4], [11, 8], [12, 12], [13, 11], [14, 13], [15, 7], [17, 1], [18, 3], [6, 2], [7, 2], [8, 7], [9, 22]]",
01006200,Big Sandy,Aitkin,20232313629117000,2023-07-10,BUB,,"[[19, 1]]",
01006200,Big Sandy,Aitkin,20232313629117000,2023-07-10,RKB,,"[[6, 3], [7, 1], [9, 2]]",
01006200,Big Sandy,Aitkin,17832428226886000,2024-10-07,WAE,,"[[4, 16], [5, 71], [6, 35], [10, 11], [11, 10], [12, 11], [13, 11], [14, 6], [15, 1], [17, 1], [6, 5], [7, 14], [8, 33], [9, 64]]",
01006200,Big Sandy,Aitkin,4291025733438000,2010-09-14,YEP,,"[[1, 16], [2, 10]]",
01006200,Big Sandy,Aitkin,4291025733438000,2010-09-14,WAE,,"[[5, 7], [6, 12], [10, 27], [11, 20], [12, 8], [13, 9], [14, 2], [15, 1], [7, 8], [8, 21], [9, 9]]",
01006200,Big Sandy,Aitkin,4291025733438000,2010-09-14,BUB,,"[[12, 1], [6, 1]]",
01006200,Big Sandy,Aitkin,4291025733438000,2010-09-14,SMB,,"[[3, 1]]",
01006200,Big Sandy,Aitkin,4291025733438000,2010-09-14,BLC,,"[[2, 11], [2, 2]]",
01006200,Big Sandy,Aitkin,4291125234406000,2011-09-12,WAE,,"[[4, 8], [5, 7], [6, 1], [10, 10], [11, 15], [12, 18], [13, 6], [14, 7], [15, 2], [16, 1], [7, 5], [8, 39], [9, 26]]",
01006200,Big Sandy,Aitkin,13091527333483002,2015-10-05,WAE,,"[[4, 34], [5, 110], [6, 44], [7, 6], [10, 16], [11, 25], [12, 10], [13, 5], [14, 1], [16, 1], [7, 3], [8, 22], [9, 16]]",
01006200,Big Sandy,Aitkin,13091527333483002,2015-10-05,YEP,,"[[1, 1], [2, 36]]",
01006200,Big Sandy,Aitkin,17272018851697000,2020-07-07,SLR,,"[[16, 1], [18, 1], [6, 1]]",
01006200,Big Sandy,Aitkin,17272018851697000,2020-07-07,YEB,,"[[12, 1]]",
01006200,Big Sandy,Aitkin,17272018851697000,2020-07-07,WTS,,"[[10, 4], [11, 3], [12, 3], [13, 3], [15, 3], [16, 5], [17, 5], [18, 1], [19, 2], [6, 1]]",
01006200,Big Sandy,Aitkin,17272018851697000,2020-07-07,WAE,,"[[10, 8], [11, 10], [12, 16], [13, 11], [14, 6], [15, 4], [16, 1], [18, 2], [19, 1], [23, 2], [6, 1], [7, 13], [8, 23], [9, 19]]",
01006200,Big Sandy,Aitkin,17272018851697000,2020-07-07,BUB,,"[[20, 1], [22, 1]]",
01006200,Big Sandy,Aitkin,17272018851697000,2020-07-07,RKB,,"[[10, 4], [11, 1], [6, 1], [7, 4], [8, 2], [9, 6]]",
01006200,Big Sandy,Aitkin,17272018851697000,2020-07-07,HSF,,"[[8, 1]]",
01006200,Big Sandy,Aitkin,17272018851697000,2020-07-07,SMB,,"[[13, 1], [14, 1], [16, 1], [19, 1], [20, 1]]",
01006200,Big Sandy,Aitkin,17272018851697000,2020-07-07,TLC,,"[[10, 11], [11, 18], [12, 24], [13, 22], [14, 26], [15, 8], [16, 1], [18, 1], [7, 4], [9, 4]]",
01006200,Big Sandy,Aitkin,17272018851697000,2020-07-07,CCF,,"[[16, 1], [17, 1], [18, 1], [20, 3], [21, 1], [22, 3], [24, 2], [25, 1]]",
01006200,Big Sandy,Aitkin,17272018851697000,2020-07-07,BLC,,"[[10, 3], [11, 1], [13, 1], [6, 1]]",
01006200,Big Sandy,Aitkin,17272018851697000,2020-07-07,SHR,,"[[10, 3], [11, 2], [12, 7], [13, 10], [14, 8], [15, 4], [16, 6], [17, 4], [18, 4], [19, 1], [7, 1], [8, 1]]",
01006200,Big Sandy,Aitkin,17272018851697000,2020-07-07,NOP,,"[[11, 2], [12, 1], [13, 1], [14, 3], [15, 2], [16, 5], [17, 7], [18, 7], [19, 4], [20, 2], [21, 4], [22, 1], [23, 1], [24, 3], [25, 1], [26, 1], [28, 1], [29, 1], [30, 1], [32, 2], [33, 1], [35, 1]]",
01006200,Big Sandy,Aitkin,17272018851697000,2020-07-07,YEP,,"[[10, 12], [11, 1], [5, 13], [6, 4], [7, 17], [8, 20], [9, 31]]",
01006200,Big Sandy,Aitkin,20212328327862000,2023-10-10,WAE,,"[[4, 39], [5, 118], [6, 87], [10, 15], [11, 20], [12, 23], [13, 9], [14, 12], [15, 2], [16, 1], [6, 11], [7, 12], [8, 15], [9, 16]]",
01006200,Big Sandy,Aitkin,5131227536251002,2012-10-02,WAE,,"[[4, 2], [5, 18], [6, 47], [7, 10], [10, 17], [11, 2], [12, 6], [13, 5], [14, 4], [15, 3], [18, 1], [19, 1], [24, 1], [7, 19], [8, 6], [9, 11]]",
01006200,Big Sandy,Aitkin,4291017953796004,2010-07-12,FHM,,"[[2, 1]]",
01006200,Big Sandy,Aitkin,4291017953796004,2010-07-12,JND,,"[[0, 1], [1, 3], [2, 2]]",
01006200,Big Sandy,Aitkin,4291017953796004,2010-07-12,SPO,,"[[0, 7], [1, 72]]",
01006200,Big Sandy,Aitkin,4291017953796004,2010-07-12,BLC,,"[[1, 48], [10, 37], [11, 12], [12, 2], [4, 1], [5, 1], [7, 3], [8, 7], [9, 50]]",
01006200,Big Sandy,Aitkin,4291017953796004,2010-07-12,HSF,,"[[7, 6], [8, 2]]",
01006200,Big Sandy,Aitkin,4291017953796004,2010-07-12,NOP,,"[[12, 4], [13, 2], [14, 2], [15, 3], [16, 5], [17, 3], [18, 6], [19, 6], [20, 3], [21, 8], [22, 2], [23, 2], [24, 1], [26, 1], [29, 1], [31, 1], [34, 1], [35, 1]]",
01006200,Big Sandy,Aitkin,4291017953796004,2010-07-12,SHR,,"[[13, 1], [14, 1], [15, 3], [16, 1], [17, 5], [19, 1], [20, 1], [6, 1], [8, 1]]",
01006200,Big Sandy,Aitkin,4291017953796004,2010-07-12,BOF,,"[[13, 1], [20, 1], [22, 2], [23, 4], [24, 3], [25, 1], [26, 4], [27, 3], [28, 2], [29, 1], [30, 1]]",
01006200,Big Sandy,Aitkin,4291017953796004,2010-07-12,SLR,,"[[13, 2], [20, 1], [21, 3], [22, 2], [23, 1], [24, 1]]",
01006200,Big Sandy,Aitkin,4291017953796004,2010-07-12,LGP,,"[[1, 1], [2, 1]]",
01006200,Big Sandy,Aitkin,4291017953796004,2010-07-12,RKB,,"[[10, 3], [6, 2], [7, 6], [8, 5], [9, 5], [0, 3], [1, 3]]",
01006200,Big Sandy,Aitkin,4291017953796004,2010-07-12,YEB,,"[[12, 3], [13, 3], [14, 1]]",
01006200,Big Sandy,Aitkin,4291017953796004,2010-07-12,WTS,,"[[1, 20], [2, 12], [11, 1], [13, 5], [14, 2], [15, 2], [16, 9], [17, 13], [18, 4], [19, 3], [20, 4], [22, 1], [7, 1], [8, 1]]",
01006200,Big Sandy,Aitkin,4291017953796004,2010-07-12,WAE,,"[[10, 8], [11, 19], [12, 6], [13, 3], [14, 1], [15, 3], [17, 1], [20, 1], [6, 3], [7, 4], [8, 12], [9, 9]]",
01006200,Big Sandy,Aitkin,4291017953796004,2010-07-12,TLC,,"[[10, 44], [11, 25], [12, 3], [13, 6], [14, 2], [15, 9], [16, 13], [7, 3], [8, 7], [9, 8]]",
01006200,Big Sandy,Aitkin,4291017953796004,2010-07-12,BRB,,"[[12, 2], [13, 1]]",
01006200,Big Sandy,Aitkin,4291017953796004,2010-07-12,CSH,,"[[1, 170], [2, 766], [3, 34]]",
01006200,Big Sandy,Aitkin,4291017953796004,2010-07-12,BCS,,"[[1, 308]]",
01006200,Big Sandy,Aitkin,4291017953796004,2010-07-12,PMK,,"[[7, 7], [8, 3]]",
01006200,Big Sandy,Aitkin,4291017953796004,2010-07-12,LMB,,"[[1, 1], [2, 10], [3, 2], [3, 1]]",
01006200,Big Sandy,Aitkin,4291017953796004,2010-07-12,BLG,,"[[6, 2], [7, 14], [8, 38], [9, 5]]",
01006200,Big Sandy,Aitkin,4291017953796004,2010-07-12,YEP,,"[[10, 8], [11, 1], [3, 43], [4, 25], [5, 12], [6, 8], [7, 32], [8, 28], [9, 19], [1, 460], [2, 52]]",
01006200,Big Sandy,Aitkin,5131427229966000,2014-09-29,WAE,,"[[4, 60], [5, 17], [10, 3], [11, 9], [12, 12], [13, 5], [14, 3], [15, 1], [16, 1], [18, 1], [6, 22], [7, 98], [8, 63], [9, 30]]",
01006200,Big Sandy,Aitkin,13091727828021000,2017-10-05,WAE,,"[[4, 25], [5, 41], [6, 4], [10, 29], [11, 22], [12, 9], [13, 13], [14, 2], [15, 1], [6, 3], [7, 29], [8, 44], [9, 12]]",
01006200,Big Sandy,Aitkin,17271827541042000,2018-10-02,WAE,,"[[4, 4], [5, 38], [6, 130], [7, 36], [10, 11], [11, 9], [12, 9], [13, 10], [14, 8], [15, 2], [16, 2], [7, 1], [8, 4], [9, 14]]",
01006200,Big Sandy,Aitkin,17271827541042000,2018-10-02,YEP,,"[[1, 4], [2, 26], [4, 1], [1, 12], [10, 2], [11, 2], [2, 113], [3, 5], [4, 20], [5, 8], [6, 3], [7, 3], [8, 3], [9, 4]]",
01006200,Big Sandy,Aitkin,18802213941082195,2022-04-26,WAE,,"[[10, 4], [11, 107], [12, 741], [13, 1381], [14, 1209], [15, 611], [16, 297], [17, 97], [18, 54], [19, 35], [20, 20], [21, 11], [22, 14], [23, 3], [24, 7], [25, 4], [26, 2], [27, 4], [28, 1], [9, 1]]",
01006200,Big Sandy,Aitkin,19682227729553000,2022-10-03,WAE,,"[[3, 3], [4, 17], [5, 49], [6, 14], [10, 13], [11, 14], [12, 11], [13, 16], [14, 9], [15, 3], [16, 2], [7, 16], [8, 42], [9, 37]]",
01016500,Black Shadow,Aitkin,113634,2000-07-05,BLC,,"[[10, 2], [5, 16], [6, 22], [7, 16], [8, 9], [9, 10]]",
01016500,Black Shadow,Aitkin,113634,2000-07-05,NOP,,"[[11, 1], [13, 2], [19, 2], [21, 4], [23, 2], [24, 1], [25, 2], [26, 3], [27, 2], [28, 1], [29, 1], [33, 1]]",
01016500,Black Shadow,Aitkin,113634,2000-07-05,PMK,,"[[3, 4], [4, 22], [5, 4], [6, 2]]",
01016500,Black Shadow,Aitkin,113634,2000-07-05,BOF,,"[[14, 1], [17, 1], [19, 1], [22, 3]]",
01016500,Black Shadow,Aitkin,113634,2000-07-05,HSF,,"[[3, 1], [4, 1], [7, 1]]",
01016500,Black Shadow,Aitkin,113634,2000-07-05,BLB,,"[[10, 7], [11, 17], [12, 3], [5, 1], [6, 5], [7, 4], [8, 4], [9, 3]]",
01016500,Black Shadow,Aitkin,113634,2000-07-05,YEB,,"[[10, 13], [11, 11], [12, 3], [5, 1], [6, 2], [7, 5], [8, 9], [9, 7]]",
01016500,Black Shadow,Aitkin,113634,2000-07-05,BLG,,"[[3, 62], [4, 98], [5, 86], [6, 16], [7, 15], [8, 8]]",
01018800,Blind,Aitkin,4291014746431000,2010-06-01,BLC,,"[[1, 2], [11, 1], [5, 27], [6, 32], [7, 24], [8, 24], [9, 3]]",
01018800,Blind,Aitkin,4291014746431000,2010-06-01,BRB,,"[[11, 1], [13, 2], [14, 2]]",
01018800,Blind,Aitkin,4291014746431000,2010-06-01,HSF,,"[[5, 2], [6, 2], [7, 3]]",
01018800,Blind,Aitkin,4291014746431000,2010-06-01,GOS,,"[[5, 5], [6, 5]]",
01018800,Blind,Aitkin,4291014746431000,2010-06-01,WTS,,"[[14, 1], [15, 1]]",
01018800,Blind,Aitkin,4291014746431000,2010-06-01,BOF,,"[[20, 2], [21, 1], [22, 4], [23, 3], [24, 1], [25, 2], [26, 3], [27, 1]]",
01018800,Blind,Aitkin,4291014746431000,2010-06-01,PMK,,"[[4, 1], [5, 9], [6, 15], [7, 10]]",
01018800,Blind,Aitkin,4291014746431000,2010-06-01,YEB,,"[[10, 12], [11, 10], [12, 2], [13, 1], [8, 1], [9, 12]]",
01018800,Blind,Aitkin,4291014746431000,2010-06-01,YEP,,"[[2, 2], [1, 2], [5, 181], [6, 150], [7, 9]]",
01018800,Blind,Aitkin,4291014746431000,2010-06-01,LMB,,"[[2, 14], [3, 2], [12, 1]]",
01018800,Blind,Aitkin,4291014746431000,2010-06-01,NOP,,"[[11, 1], [12, 5], [13, 6], [14, 1], [15, 3], [16, 5], [17, 8], [18, 8], [19, 10], [20, 9], [21, 16], [22, 14], [23, 5], [24, 9], [25, 5], [26, 4], [27, 5], [28, 2], [29, 2], [30, 2], [33, 2]]",
01018800,Blind,Aitkin,4291014746431000,2010-06-01,BLG,,"[[0, 12], [1, 9], [1, 46], [4, 15], [5, 60], [6, 53], [7, 41], [8, 6], [9, 1]]",
01018800,Blind,Aitkin,13091816935728000,2018-06-18,PMK,,"[[3, 1], [4, 2], [5, 1], [6, 1]]",
01018800,Blind,Aitkin,13091816935728000,2018-06-18,BLC,,"[[10, 5], [11, 3], [4, 2], [5, 11], [6, 23], [7, 59], [8, 21], [9, 3]]",
01018800,Blind,Aitkin,13091816935728000,2018-06-18,BLB,,"[[12, 2], [14, 1], [6, 1], [9, 1]]",
01018800,Blind,Aitkin,13091816935728000,2018-06-18,BRB,,"[[14, 1]]",
01018800,Blind,Aitkin,13091816935728000,2018-06-18,WTS,,"[[18, 1]]",
01018800,Blind,Aitkin,13091816935728000,2018-06-18,GOS,,"[[5, 15], [6, 9]]",
01018800,Blind,Aitkin,13091816935728000,2018-06-18,BOF,,"[[17, 1], [19, 1], [20, 4], [21, 1], [22, 1], [23, 1], [24, 1]]",
01018800,Blind,Aitkin,13091816935728000,2018-06-18,YEP,,"[[4, 3], [5, 63], [6, 24], [7, 5], [8, 3]]",
01018800,Blind,Aitkin,13091816935728000,2018-06-18,NOP,,"[[14, 1], [15, 1], [16, 1], [17, 4], [18, 13], [19, 16], [20, 18], [21, 8], [22, 15], [23, 10], [24, 3], [25, 1], [26, 4], [27, 1], [28, 2], [29, 1], [30, 2], [31, 3], [32, 1], [35, 1]]",
